P	0027_TonB-dependent_r	no description	1	0.26	11	
S	U	R.REESLQDVPVSVSVLSGDTLGAITSTGADIR.A	0.77	LT_30_03_06_1E.2080.2080.3.chro	C:\Xcalibur\sequest\LT_29to3_4_06_1to1\chro\	13.93
S	U	R.GLGNTDFDLNASQPVSLVYDEVVLENPILK.G	0.99	LT_30_03_06_1E.2370.2370.3.chro	C:\Xcalibur\sequest\LT_29to3_4_06_1to1\chro\	22.78
S	U	R.TDRFDVAAFVR.N	1.43	LT_30_03_06_1E.1692.1692.2.chro	C:\Xcalibur\sequest\LT_29to3_4_06_1to1\chro\	8.83
S	U	R.NITNDESPTGGIDFNNLTSYVNEPR.I	0.99	LT_30_03_06_1E.1892.1892.2.chro	C:\Xcalibur\sequest\LT_29to3_4_06_1to1\chro\	25.16
S	U	R.VPSLNIESSYGR.S	1.46	LT_30_03_06_1E2.1605.1605.2.chro	C:\Xcalibur\sequest\LT_29to3_4_06_1to1\chro\	11.77
S	U	R.VFDGSAIIFR.A	1.07	LT_30_03_06_1E2.1769.1769.2.chro	C:\Xcalibur\sequest\LT_29to3_4_06_1to1\chro\	22.56
S	U	R.ANTQLPGSNR.L	0.85	LT_30_03_06_1E2.1225.1225.2.chro	C:\Xcalibur\sequest\LT_29to3_4_06_1to1\chro\	25.28
S	U	R.LVGLGGADTAFER.D	1.05	LT_30_03_06_1E2.1659.1659.2.chro	C:\Xcalibur\sequest\LT_29to3_4_06_1to1\chro\	35.97
S	U	R.YNHDTR.D	0.68	LT_30_03_06_1E2.799.799.2.chro	C:\Xcalibur\sequest\LT_29to3_4_06_1to1\chro\	19.33
S	U	K.GHGIEAELQAAPAR.G	0.72	LT_30_03_06_1E2.1491.1491.3.chro	C:\Xcalibur\sequest\LT_29to3_4_06_1to1\chro\	12.73
S	U	K.GHGIEAELQAAPAR.G	0.98	LT_30_03_06_1E2.1489.1489.2.chro	C:\Xcalibur\sequest\LT_29to3_4_06_1to1\chro\	11.54
P	0029_TonB-dependent_r	no description	1.13	0.38	10	
S	U	K.VAGLVQYK.A	1.26	LT_30_03_06_1F.1391.1391.2.chro	C:\Xcalibur\sequest\LT_29to3_4_06_1to1\chro\	8.36
S	U	R.DTFGGEPNPIATFQDAAIAPIGTLFDQSQNR.S	1.19	LT_30_03_06_1F.2289.2289.3.chro	C:\Xcalibur\sequest\LT_29to3_4_06_1to1\chro\	12.31
S	U	K.ISIDDYTTLASAGR.T	1.08	LT_30_03_06_1F.1683.1683.2.chro	C:\Xcalibur\sequest\LT_29to3_4_06_1to1\chro\	11.19
S	U	R.AYASYAEGYTVPDVGR.I	1.5	LT_30_03_06_1F.1603.1603.2.chro	C:\Xcalibur\sequest\LT_29to3_4_06_1to1\chro\	21.32
S	U	R.GPLDASATYFWSSSK.K	0.42	LT_30_03_06_1F.1791.1791.2.chro	C:\Xcalibur\sequest\LT_29to3_4_06_1to1\chro\	25.87
S	U	R.AVPGLEALTLIAGFDALWDSTEQR.L	1.09	LT_30_03_06_1F2.2611.2611.2.chro	C:\Xcalibur\sequest\LT_29to3_4_06_1to1\chro\	25.63
S	U	R.SLAPFGQANLQLAGGLVR.L	1.29	LT_30_03_06_1F2.1863.1863.2.chro	C:\Xcalibur\sequest\LT_29to3_4_06_1to1\chro\	24.19
S	U	R.NDFEGYNLTDAIVR.Y	1.13	LT_30_03_06_1F2.1761.1761.2.chro	C:\Xcalibur\sequest\LT_29to3_4_06_1to1\chro\	20.66
S	U	R.YQTSLGGVSLAVSNLFDR.Q	0.63	LT_30_03_06_1F2.2023.2023.2.chro	C:\Xcalibur\sequest\LT_29to3_4_06_1to1\chro\	12.53
S	U	R.ELGVEVK.R	1.73	LT_3_04_06_K2.1047.1047.2.chro	C:\Xcalibur\sequest\LT_29to3_4_06_1to1\chro\	27.53
P	0044_type_I_phosphodi	no description	1.84	1.92	2	
S	U	R.FLASPEADGAVLATAAALR.Q	0.48	LT_30_03_06_1G2.1872.1872.2.chro	C:\Xcalibur\sequest\LT_29to3_4_06_1to1\chro\	7.05
S	U	R.KAALAEILPR.L	3.2	LT_3_04_06_O.1183.1183.2.chro	C:\Xcalibur\sequest\LT_29to3_4_06_1to1\chro\	21.13
P	0149_glutamine_synthe	no description	0.95	0.23	5	
S	U	K.GGYFPVAPVDSAVDIR.A	1.17	LT_30_03_06_1G.1738.1738.2.chro	C:\Xcalibur\sequest\LT_29to3_4_06_1to1\chro\	14.17
S	U	R.LVPGFEAPVLLAYSSR.N	0.99	LT_30_03_06_1G.1924.1924.2.chro	C:\Xcalibur\sequest\LT_29to3_4_06_1to1\chro\	52.39
S	U	R.IKDNDIEWVDLR.F	0.73	LT_30_03_06_1G2.1634.1634.2.chro	C:\Xcalibur\sequest\LT_29to3_4_06_1to1\chro\	5.99
S	U	K.SGFEIDDIELPTNTGR.S	1.15	LT_30_03_06_1G2.1792.1792.2.chro	C:\Xcalibur\sequest\LT_29to3_4_06_1to1\chro\	17.66
S	U	K.ALNAFTNPTTNSYK.R	0.69	LT_30_03_06_1G2.1504.1504.2.chro	C:\Xcalibur\sequest\LT_29to3_4_06_1to1\chro\	8.07
P	0154_aldehyde_dehydro	no description	1.27	0.34	2	
S	U	R.VHQELGGK.S	1.02	LT_3_04_06_I.1076.1076.2.chro	C:\Xcalibur\sequest\LT_29to3_4_06_1to1\chro\	14.66
S	U	K.LHEVINPATEEAASTVVLGTAADVDAAVAAAR.E	1.51	LT_3_04_06_I2.2194.2194.3.chro	C:\Xcalibur\sequest\LT_29to3_4_06_1to1\chro\	10.29
P	0163_adenosylhomocyst	no description	1.13	0.22	3	
S	U	R.AEYGASQPLKGAR.I	1.06	LT_30_03_06_1H2.1323.1323.2.chro	C:\Xcalibur\sequest\LT_29to3_4_06_1to1\chro\	12.23
S	U	K.GVSEETTTGVHR.L	0.96	LT_30_03_06_1H2.1237.1237.2.chro	C:\Xcalibur\sequest\LT_29to3_4_06_1to1\chro\	20.47
S	U	R.LYHIAK.K	1.37	LT_30_03_06_1H2.1301.1301.2.chro	C:\Xcalibur\sequest\LT_29to3_4_06_1to1\chro\	10.06
P	0168_ATPase_AAA-2	no description	1.23	0.17	4	
S	U	R.NHFEKDR.A	1.17	LT_30_03_06_1E.1030.1030.2.chro	C:\Xcalibur\sequest\LT_29to3_4_06_1to1\chro\	5.98
S	U	R.VVFGQNTAIEVLSSAIK.L	1.42	LT_30_03_06_1E.2058.2058.2.chro	C:\Xcalibur\sequest\LT_29to3_4_06_1to1\chro\	8.45
S	U	R.LTDHHGK.T	1.29	LT_30_03_06_1E.760.760.2.chro	C:\Xcalibur\sequest\LT_29to3_4_06_1to1\chro\	8.02
S	U	R.NRLDAIVPFGYLPPEVVAR.V	1.04	LT_30_03_06_1E.1986.1986.2.chro	C:\Xcalibur\sequest\LT_29to3_4_06_1to1\chro\	9.12
P	0172_aminotransferase	no description	1.47	0.11	2	
S	U	R.DNDLDYGLDQITVNVGGK.H	1.55	LT_3_04_06_J.1894.1894.2.chro	C:\Xcalibur\sequest\LT_29to3_4_06_1to1\chro\	9.32
S	U	K.TPSGQVIDSDEALIDYFLDSAR.V	1.39	LT_3_04_06_J.2298.2298.2.chro	C:\Xcalibur\sequest\LT_29to3_4_06_1to1\chro\	8.08
P	0179_electron_transfe	no description	1.65	0.49	2	
S	U	K.DATLAVVTAASK.L	1.3	LT_3_04_06_L2.1490.1490.2.chro	C:\Xcalibur\sequest\LT_29to3_4_06_1to1\chro\	5.54
S	U	K.TFTRPIYAGNAIATVESSDAK.L	1.99	LT_3_04_06_L2.1618.1618.3.chro	C:\Xcalibur\sequest\LT_29to3_4_06_1to1\chro\	15.24
P	0185_alpha-glucosidas	no description	1.02	0.1	2	
S	U	R.ATLAPSSQGPR.V	0.95	LT_30_03_06_1E.1276.1276.2.chro	C:\Xcalibur\sequest\LT_29to3_4_06_1to1\chro\	12.44
S	U	R.QVQHHQK.V	1.09	LT_30_03_06_1F.709.709.2.chro	C:\Xcalibur\sequest\LT_29to3_4_06_1to1\chro\	21.01
P	0190_glucose-6-phosph	no description	0.86	0.18	3	
S	U	R.AALTEYLPEDRIEAAVVDGFLAR.I	1.06	LT_30_03_06_1H.2137.2137.3.chro	C:\Xcalibur\sequest\LT_29to3_4_06_1to1\chro\	24.54
S	U	K.ETVQNLLALR.F	0.82	LT_30_03_06_1H.1743.1743.2.chro	C:\Xcalibur\sequest\LT_29to3_4_06_1to1\chro\	13.47
S	U	R.LLLDFIEGDQTLFVR.R	0.71	LT_30_03_06_1H.2147.2147.2.chro	C:\Xcalibur\sequest\LT_29to3_4_06_1to1\chro\	10.62
P	0191_6-phosphoglucona	no description	0.92	0.06	2	
S	U	R.AAGIIIDWQDFDELSHAVPLLAR.V	0.87	LT_30_03_06_1F2.2257.2257.3.chro	C:\Xcalibur\sequest\LT_29to3_4_06_1to1\chro\	11.63
S	U	R.IFDDQNQVLAAFK.A	0.96	LT_30_03_06_1F2.1777.1777.2.chro	C:\Xcalibur\sequest\LT_29to3_4_06_1to1\chro\	17.11
P	0243_ribosomal_protei	no description	0.88	0.09	6	
S	U	K.TTVSANAATVEK.K	1	LT_3_04_06_P2.1427.1427.2.chro	C:\Xcalibur\sequest\LT_29to3_4_06_1to1\chro\	18.78
S	U	K.VAFTGKK.M	0.93	LT_3_04_06_P.1253.1253.2.chro	C:\Xcalibur\sequest\LT_29to3_4_06_1to1\chro\	11.6
S	U	R.VLEKAVER.M	0.82	LT_3_04_06_P.1305.1305.2.chro	C:\Xcalibur\sequest\LT_29to3_4_06_1to1\chro\	19.47
S	U	K.TTVSANAATVEKK.W	0.74	LT_3_04_06_P2.1399.1399.2.chro	C:\Xcalibur\sequest\LT_29to3_4_06_1to1\chro\	30.68
S	U	R.VASIIANILR.G	0.88	LT_3_04_06_P2.1987.1987.2.chro	C:\Xcalibur\sequest\LT_29to3_4_06_1to1\chro\	59.72
S	U	K.ILEGRFPER.V	0.89	LT_3_04_06_P2.1603.1603.2.chro	C:\Xcalibur\sequest\LT_29to3_4_06_1to1\chro\	16.87
P	0244_ribosomal_protei	no description	0.95	0.17	6	
S	U	R.VWLKPGTGK.I	1.04	LT_3_04_06_P.1463.1463.2.chro	C:\Xcalibur\sequest\LT_29to3_4_06_1to1\chro\	14.41
S	U	R.LVINQPFGLTER.V	1.13	LT_3_04_06_P.1807.1807.2.chro	C:\Xcalibur\sequest\LT_29to3_4_06_1to1\chro\	46.01
S	U	K.GGGLSGQAGAVLHGIAQALTR.F	1.03	LT_3_04_06_P.2153.2153.2.chro	C:\Xcalibur\sequest\LT_29to3_4_06_1to1\chro\	15.35
S	U	R.SFQFSKR.-	0.65	LT_3_04_06_P.1429.1429.2.chro	C:\Xcalibur\sequest\LT_29to3_4_06_1to1\chro\	10.4
S	U	R.VGQYDVIATVK.G	0.96	LT_3_04_06_P2.1689.1689.2.chro	C:\Xcalibur\sequest\LT_29to3_4_06_1to1\chro\	44.88
S	U	K.GGGLSGQAGAVLHGIAQALTR.F	0.91	LT_3_04_06_P2.2199.2199.3.chro	C:\Xcalibur\sequest\LT_29to3_4_06_1to1\chro\	33.35
P	0281_beta-ketoacyl_sy	no description	1.12	0.71	2	
S	U	R.VVVTGLGLVTPLGGDVETSWK.N	0.61	LT_30_03_06_1H.1979.1979.2.chro	C:\Xcalibur\sequest\LT_29to3_4_06_1to1\chro\	8.97
S	U	R.AALNNSFGFGGTNASLIVK.A	1.62	LT_3_04_06_I2.1842.1842.2.chro	C:\Xcalibur\sequest\LT_29to3_4_06_1to1\chro\	7.12
P	0402_Chaperone_DnaK	no description	1.32	0.15	4	
S	U	K.VIENSEGAR.T	1.23	LT_30_03_06_1E.1116.1116.2.chro	C:\Xcalibur\sequest\LT_29to3_4_06_1to1\chro\	15.05
S	U	K.IVEGPNGDAWVEAAGEKYSPSQVSAFILQK.M	1.29	LT_30_03_06_1E.1986.1986.3.chro	C:\Xcalibur\sequest\LT_29to3_4_06_1to1\chro\	9.49
S	U	K.STNGDTFLGGEDFDSAVVEYLADSFK.K	1.54	LT_30_03_06_1E2.2381.2381.2.chro	C:\Xcalibur\sequest\LT_29to3_4_06_1to1\chro\	8.97
S	N	R.LKEAAEK.A	1.21	LT_30_03_06_1E2.907.907.2.chro	C:\Xcalibur\sequest\LT_29to3_4_06_1to1\chro\	22.94
P	0409_conserved_hypoth	no description	0.8	0.22	4	
S	U	K.EAVSALDETQAAISAIDAGNNKGAIDALAR.A	1.08	LT_3_04_06_L.1955.1955.3.chro	C:\Xcalibur\sequest\LT_29to3_4_06_1to1\chro\	25.35
S	U	R.TSNLPLGTYPDAIKR.A	0.66	LT_3_04_06_L.1601.1601.3.chro	C:\Xcalibur\sequest\LT_29to3_4_06_1to1\chro\	20.35
S	U	R.AEASVEAAR.V	0.84	LT_3_04_06_L.1187.1187.2.chro	C:\Xcalibur\sequest\LT_29to3_4_06_1to1\chro\	11.18
S	U	R.EAVQPTKN.-	0.6	LT_3_04_06_L.929.929.2.chro	C:\Xcalibur\sequest\LT_29to3_4_06_1to1\chro\	6.91
P	0452_chaperonin_GroEL	no description	0.93	0.13	19	
S	U	R.AAVEEGIVPGGGTALLYATK.A	0.75	LT_30_03_06_1F2.1745.1745.2.chro	C:\Xcalibur\sequest\LT_29to3_4_06_1to1\chro\	19.17
S	U	K.GVDILADAVK.V	0.91	LT_30_03_06_1G.1598.1598.2.chro	C:\Xcalibur\sequest\LT_29to3_4_06_1to1\chro\	56.35
S	U	R.NVVIDK.S	1.16	LT_30_03_06_1G.1164.1164.1.chro	C:\Xcalibur\sequest\LT_29to3_4_06_1to1\chro\	39.32
S	U	R.GIDLAVTK.V	0.7	LT_30_03_06_1G.1430.1430.1.chro	C:\Xcalibur\sequest\LT_29to3_4_06_1to1\chro\	15.77
S	U	K.VVEDLKAR.S	1	LT_30_03_06_1G.1204.1204.2.chro	C:\Xcalibur\sequest\LT_29to3_4_06_1to1\chro\	18.89
S	U	K.EGVITVEEAK.G	0.78	LT_30_03_06_1G.1372.1372.2.chro	C:\Xcalibur\sequest\LT_29to3_4_06_1to1\chro\	22.26
S	N	K.APGFGDRR.K	0.99	LT_30_03_06_1G.1168.1168.2.chro	C:\Xcalibur\sequest\LT_29to3_4_06_1to1\chro\	25.2
S	U	R.AQIETTTSDYDR.E	0.94	LT_30_03_06_1G.1304.1304.2.chro	C:\Xcalibur\sequest\LT_29to3_4_06_1to1\chro\	16.17
S	U	R.AQIETTTSDYDREK.L	0.99	LT_30_03_06_1G.1290.1290.2.chro	C:\Xcalibur\sequest\LT_29to3_4_06_1to1\chro\	34.82
S	U	K.AAGVIDPTK.V	0.86	LT_30_03_06_1G.1236.1236.2.chro	C:\Xcalibur\sequest\LT_29to3_4_06_1to1\chro\	25.05
S	U	K.ANDKAGDGTTTATVLAQAIVR.E	1.02	LT_30_03_06_1G2.1654.1654.3.chro	C:\Xcalibur\sequest\LT_29to3_4_06_1to1\chro\	29.62
S	N	K.AGDGTTTATVLAQAIVR.E	1.03	LT_30_03_06_1G2.1708.1708.2.chro	C:\Xcalibur\sequest\LT_29to3_4_06_1to1\chro\	28.5
S	U	K.VGKEGVITVEEAK.G	0.96	LT_30_03_06_1G2.1360.1360.2.chro	C:\Xcalibur\sequest\LT_29to3_4_06_1to1\chro\	21.79
S	U	R.GYLSPYFITNPEK.M	0.73	LT_30_03_06_1G2.1714.1714.2.chro	C:\Xcalibur\sequest\LT_29to3_4_06_1to1\chro\	20.96
S	N	K.APGFGDR.R	1.1	LT_30_03_06_1G2.1200.1200.2.chro	C:\Xcalibur\sequest\LT_29to3_4_06_1to1\chro\	42.66
S	N	K.VGGATEVEVK.E	0.86	LT_30_03_06_1G2.1248.1248.2.chro	C:\Xcalibur\sequest\LT_29to3_4_06_1to1\chro\	21.42
S	N	K.VGGATEVEVKER.K	0.97	LT_30_03_06_1G2.1246.1246.2.chro	C:\Xcalibur\sequest\LT_29to3_4_06_1to1\chro\	31.65
S	U	K.ALEGLKGANDDQTR.G	0.79	LT_30_03_06_1G2.1288.1288.2.chro	C:\Xcalibur\sequest\LT_29to3_4_06_1to1\chro\	28.06
S	U	R.VGDVEQGFNAATDVYENLK.A	1.03	LT_30_03_06_1G2.1816.1816.2.chro	C:\Xcalibur\sequest\LT_29to3_4_06_1to1\chro\	73
P	0453_chaperonin_Cpn10	no description	0.83	0.03	2	
S	U	R.ADDGKVTPLDVK.A	0.86	LT_3_04_06_P.1475.1475.2.chro	C:\Xcalibur\sequest\LT_29to3_4_06_1to1\chro\	15.55
S	U	K.EKPQEGEVVSVGTGAR.A	0.81	LT_3_04_06_P2.1513.1513.2.chro	C:\Xcalibur\sequest\LT_29to3_4_06_1to1\chro\	15.37
P	0526_Transketolase,_c	no description	1.04	0.33	3	
S	U	K.AAIRTEDPVVFLENELLYGR.S	1.18	LT_30_03_06_1F.2145.2145.3.chro	C:\Xcalibur\sequest\LT_29to3_4_06_1to1\chro\	23.96
S	U	R.SFEVPDVDDFVLPIGK.A	1.27	LT_30_03_06_1F.2069.2069.2.chro	C:\Xcalibur\sequest\LT_29to3_4_06_1to1\chro\	21.13
S	U	R.TEDPVVFLENELLYGR.S	0.65	LT_30_03_06_1F2.2229.2229.2.chro	C:\Xcalibur\sequest\LT_29to3_4_06_1to1\chro\	9.49
P	0543_3'_exoribonuclea	no description	1.1	0.21	11	
S	U	K.LTDKSAR.S	0.93	LT_30_03_06_1D.814.814.2.chro	C:\Xcalibur\sequest\LT_29to3_4_06_1to1\chro\	18.15
S	U	R.TTTQIRPIVAETHFLPR.A	0.87	LT_30_03_06_1D.1666.1666.3.chro	C:\Xcalibur\sequest\LT_29to3_4_06_1to1\chro\	14.11
S	U	R.ALHPVLPSKDEFPYTIR.L	1.14	LT_30_03_06_1D.1718.1718.3.chro	C:\Xcalibur\sequest\LT_29to3_4_06_1to1\chro\	19.87
S	U	R.EIFEAALAQAK.E	1.09	LT_30_03_06_1D.1660.1660.2.chro	C:\Xcalibur\sequest\LT_29to3_4_06_1to1\chro\	14.18
S	U	K.VLEIDPR.G	1.05	LT_30_03_06_1D.1436.1436.2.chro	C:\Xcalibur\sequest\LT_29to3_4_06_1to1\chro\	14.51
S	U	R.SNALNEAR.A	0.94	LT_30_03_06_1D2.1149.1149.2.chro	C:\Xcalibur\sequest\LT_29to3_4_06_1to1\chro\	29.32
S	U	K.KLEAEIVR.T	1.35	LT_30_03_06_1D2.1385.1385.2.chro	C:\Xcalibur\sequest\LT_29to3_4_06_1to1\chro\	13.81
S	U	R.AHGSALFTR.G	0.97	LT_30_03_06_1D2.1349.1349.2.chro	C:\Xcalibur\sequest\LT_29to3_4_06_1to1\chro\	13.8
S	U	K.VADVLSEGQDVKVK.V	0.93	LT_30_03_06_1D2.1497.1497.2.chro	C:\Xcalibur\sequest\LT_29to3_4_06_1to1\chro\	12.36
S	U	K.ISSSDLDQIEAAR.K	1.49	LT_30_03_06_1E.1564.1564.2.chro	C:\Xcalibur\sequest\LT_29to3_4_06_1to1\chro\	13.89
S	U	K.VADVLSEGQDVK.V	1.35	LT_30_03_06_1E2.1471.1471.2.chro	C:\Xcalibur\sequest\LT_29to3_4_06_1to1\chro\	13.38
P	0564_ribosomal_protei	no description	1.09	0.12	3	
S	U	K.RGGLANR.R	0.96	LT_3_04_06_P.1123.1123.2.chro	C:\Xcalibur\sequest\LT_29to3_4_06_1to1\chro\	11.89
S	U	K.LFDVLAAR.Y	1.2	LT_3_04_06_P.1779.1779.2.chro	C:\Xcalibur\sequest\LT_29to3_4_06_1to1\chro\	31.87
S	U	K.LVTLAK.R	1.1	LT_3_04_06_P2.1463.1463.1.chro	C:\Xcalibur\sequest\LT_29to3_4_06_1to1\chro\	12.47
P	0610_NusA_antitermina	no description	0.93	0.26	3	
S	U	R.AGEIITGVVK.S	1.2	LT_30_03_06_1F.1471.1471.2.chro	C:\Xcalibur\sequest\LT_29to3_4_06_1to1\chro\	11.25
S	U	K.AIVIEAIEEAIQR.A	0.68	LT_30_03_06_1F2.2009.2009.2.chro	C:\Xcalibur\sequest\LT_29to3_4_06_1to1\chro\	10.18
S	U	R.ELGVEDALADIPHLTEAMLVTLGK.A	0.91	LT_30_03_06_1F2.2425.2425.3.chro	C:\Xcalibur\sequest\LT_29to3_4_06_1to1\chro\	19.06
P	0612_translation_init	no description	0.97	0.1	3	
S	U	R.EIANREK.V	0.88	LT_30_03_06_1C.870.870.2.chro	C:\Xcalibur\sequest\LT_29to3_4_06_1to1\chro\	8.64
S	U	R.QEQALK.K	0.97	LT_3_04_06_M.908.908.2.chro	C:\Xcalibur\sequest\LT_29to3_4_06_1to1\chro\	16.43
S	U	K.TGLDKLLDAIALQAEIMELK.A	1.07	LT_3_04_06_N.2577.2577.2.chro	C:\Xcalibur\sequest\LT_29to3_4_06_1to1\chro\	32.29
P	0616_D-3-phosphoglyce	no description	1.01	0.15	8	
S	U	K.VTADVLAAATK.L	1.12	LT_30_03_06_1G.1464.1464.2.chro	C:\Xcalibur\sequest\LT_29to3_4_06_1to1\chro\	8.67
S	U	R.ADFITLHTPLTDQTR.N	0.78	LT_30_03_06_1G.1664.1664.2.chro	C:\Xcalibur\sequest\LT_29to3_4_06_1to1\chro\	10.78
S	U	R.AGIGVDNIDIPEASK.K	1.05	LT_30_03_06_1G2.1612.1612.2.chro	C:\Xcalibur\sequest\LT_29to3_4_06_1to1\chro\	21.3
S	U	R.AGIGVDNIDIPEASKK.G	1.03	LT_30_03_06_1G2.1544.1544.3.chro	C:\Xcalibur\sequest\LT_29to3_4_06_1to1\chro\	7.77
S	U	R.AGIGVDNIDIPEASKK.G	1.14	LT_30_03_06_1G2.1546.1546.2.chro	C:\Xcalibur\sequest\LT_29to3_4_06_1to1\chro\	8.73
S	U	K.VVAFDPFLTPER.A	1.19	LT_30_03_06_1G2.1802.1802.2.chro	C:\Xcalibur\sequest\LT_29to3_4_06_1to1\chro\	17.68
S	U	R.ADFITLHTPLTDQTR.N	0.92	LT_30_03_06_1G2.1668.1668.3.chro	C:\Xcalibur\sequest\LT_29to3_4_06_1to1\chro\	18.97
S	U	R.IGSTLGDAGLNIGTFHLGR.R	0.81	LT_30_03_06_1G2.1806.1806.3.chro	C:\Xcalibur\sequest\LT_29to3_4_06_1to1\chro\	13.42
P	0629_alkyl_hydroperox	no description	0.8	0.24	2	
S	U	R.NAGELVR.K	0.63	LT_3_04_06_O.1283.1283.1.chro	C:\Xcalibur\sequest\LT_29to3_4_06_1to1\chro\	12.5
S	U	R.EDSGLADR.A	0.97	LT_3_04_06_O2.1145.1145.2.chro	C:\Xcalibur\sequest\LT_29to3_4_06_1to1\chro\	19.06
P	0708_DNA_polymerase_I	no description	1.62	1.07	2	
S	U	R.DDFPVIAEGDLPTNFELPVAELIQIIDKTR.F	0.86	LT_3_04_06_J.2586.2586.3.chro	C:\Xcalibur\sequest\LT_29to3_4_06_1to1\chro\	11.91
S	U	K.VGLDKDR.I	2.37	LT_3_04_06_J.1280.1280.2.chro	C:\Xcalibur\sequest\LT_29to3_4_06_1to1\chro\	8.1
P	0781_Acetyl-CoA_C-ace	no description	1.76	0.97	2	
S	U	R.IITTLIAALQR.H	1.07	LT_3_04_06_J.1934.1934.2.chro	C:\Xcalibur\sequest\LT_29to3_4_06_1to1\chro\	24
S	U	K.DGTITAATSSSISDGAAAVVLTR.Q	2.44	LT_3_04_06_J2.1771.1771.2.chro	C:\Xcalibur\sequest\LT_29to3_4_06_1to1\chro\	10.96
P	0806_biopolymer_trans	no description	1.01	0.05	2	
S	U	K.LLEDIGGPQNITEENFPEVHIR.G	1.04	LT_3_04_06_P.1927.1927.3.chro	C:\Xcalibur\sequest\LT_29to3_4_06_1to1\chro\	16.79
S	U	K.IGFISEPAPGSGTVGRL.-	0.97	LT_3_04_06_P.1829.1829.2.chro	C:\Xcalibur\sequest\LT_29to3_4_06_1to1\chro\	40.37
P	0807_MotAORTolQORExbB	no description	1.08	0.27	3	
S	U	R.APTLADGAAK.L	0.78	LT_3_04_06_N.1253.1253.2.chro	C:\Xcalibur\sequest\LT_29to3_4_06_1to1\chro\	18.07
S	U	R.APTLADGAAKLEK.N	1.3	LT_3_04_06_N2.1517.1517.2.chro	C:\Xcalibur\sequest\LT_29to3_4_06_1to1\chro\	18.93
S	U	R.QVVEDGLR.A	1.16	LT_3_04_06_N2.1381.1381.2.chro	C:\Xcalibur\sequest\LT_29to3_4_06_1to1\chro\	21.57
P	0841_glutamyl-tRNA(Gl	no description	1.47	1.22	3	
S	U	K.ALNAFIVETPDLAIEAAK.A	0.45	LT_30_03_06_1H.1941.1941.2.chro	C:\Xcalibur\sequest\LT_29to3_4_06_1to1\chro\	6.53
S	U	R.AGDFSAVEVAEAFNANVAAAK.A	2.81	LT_30_03_06_1H2.1981.1981.2.chro	C:\Xcalibur\sequest\LT_29to3_4_06_1to1\chro\	5.67
S	U	R.NDGGNAALAPGGSSGGSSAAIAAR.L	1.14	LT_30_03_06_1H2.1435.1435.2.chro	C:\Xcalibur\sequest\LT_29to3_4_06_1to1\chro\	11.86
P	0947_TonB-dependent_s	no description	1.15	0.31	13	
S	U	R.VTGSSGQKDNATTFR.A	1	LT_30_03_06_1F.1211.1211.2.chro	C:\Xcalibur\sequest\LT_29to3_4_06_1to1\chro\	31.51
S	U	K.WQPGPGTLVTVTGFR.V	0.93	LT_30_03_06_1F.1813.1813.2.chro	C:\Xcalibur\sequest\LT_29to3_4_06_1to1\chro\	48.39
S	U	K.SEVNTDLDYLPR.H	1.02	LT_30_03_06_1F.1625.1625.2.chro	C:\Xcalibur\sequest\LT_29to3_4_06_1to1\chro\	13.56
S	U	R.LAINATNLLDNR.Y	0.88	LT_30_03_06_1F.1693.1693.2.chro	C:\Xcalibur\sequest\LT_29to3_4_06_1to1\chro\	12.98
S	U	K.YAAGVLANPYGR.D	0.75	LT_30_03_06_1F2.1525.1525.2.chro	C:\Xcalibur\sequest\LT_29to3_4_06_1to1\chro\	19.04
S	U	R.DTRVDGFNVR.G	1.33	LT_30_03_06_1F2.1449.1449.2.chro	C:\Xcalibur\sequest\LT_29to3_4_06_1to1\chro\	18.49
S	U	R.GIDALQFR.D	1.11	LT_30_03_06_1F2.1591.1591.2.chro	C:\Xcalibur\sequest\LT_29to3_4_06_1to1\chro\	20.55
S	U	R.ARDADTYVK.H	1.32	LT_30_03_06_1F2.1179.1179.2.chro	C:\Xcalibur\sequest\LT_29to3_4_06_1to1\chro\	23.2
S	U	K.HVPDDR.V	1.8	LT_30_03_06_1F2.905.905.2.chro	C:\Xcalibur\sequest\LT_29to3_4_06_1to1\chro\	14.23
S	U	R.DRVTGSSGQK.D	1.05	LT_30_03_06_1F2.825.825.2.chro	C:\Xcalibur\sequest\LT_29to3_4_06_1to1\chro\	12.63
S	U	R.HIASIWSTK.T	0.92	LT_30_03_06_1F2.1481.1481.2.chro	C:\Xcalibur\sequest\LT_29to3_4_06_1to1\chro\	19.84
S	U	K.TFGLTGEAQLR.L	1.18	LT_30_03_06_1F2.1581.1581.2.chro	C:\Xcalibur\sequest\LT_29to3_4_06_1to1\chro\	18.4
S	U	R.LGAGVVYTGK.R	1.67	LT_30_03_06_1F2.1389.1389.2.chro	C:\Xcalibur\sequest\LT_29to3_4_06_1to1\chro\	24.03
P	0985_carbamoyl-phosph	no description	0.87	0.16	2	
S	U	R.SREEAIAVAAR.I	0.98	LT_30_03_06_1B.1302.1302.2.chro	C:\Xcalibur\sequest\LT_29to3_4_06_1to1\chro\	18.09
S	U	R.IGYPVLTRPSYVLGGR.A	0.76	LT_30_03_06_1B2.1737.1737.2.chro	C:\Xcalibur\sequest\LT_29to3_4_06_1to1\chro\	5.75
P	0991_LemA	no description	1.65	1.02	3	
S	U	K.LSTDDLDDPAKVQAFQQAQGNVSSALGR.L	1.43	LT_3_04_06_P.1861.1861.3.chro	C:\Xcalibur\sequest\LT_29to3_4_06_1to1\chro\	7.68
S	U	R.LLVTVEAYPDLK.S	0.76	LT_3_04_06_P.1823.1823.2.chro	C:\Xcalibur\sequest\LT_29to3_4_06_1to1\chro\	6.34
S	U	R.INVAVQDYNAAVQDYNTTIR.T	2.77	LT_3_04_06_P2.1911.1911.2.chro	C:\Xcalibur\sequest\LT_29to3_4_06_1to1\chro\	5.13
P	1110_Glucokinase	no description	1.31	0.42	2	
S	U	R.VQATEGGHIDFAPLDSIEDAILAR.L	1.61	LT_3_04_06_L.2181.2181.3.chro	C:\Xcalibur\sequest\LT_29to3_4_06_1to1\chro\	7.37
S	U	R.VVSGPGIVDIYETLAALEGR.A	1.02	LT_3_04_06_L2.2272.2272.2.chro	C:\Xcalibur\sequest\LT_29to3_4_06_1to1\chro\	15.48
P	1173_hypothetical_pro	no description	1.49	0.15	2	
S	U	R.FAQVILPDQAAANR.L	1.6	LT_30_03_06_1F.1595.1595.2.chro	C:\Xcalibur\sequest\LT_29to3_4_06_1to1\chro\	13.14
S	U	R.RVGVTINK.G	1.39	LT_3_04_06_K2.1089.1089.2.chro	C:\Xcalibur\sequest\LT_29to3_4_06_1to1\chro\	15.5
P	1186_Tetratricopeptid	no description	1.31	1.18	2	
S	U	R.IALAAGEREDPMLLLPDQPVTTPR.A	0.48	LT_30_03_06_1F2.1995.1995.2.chro	C:\Xcalibur\sequest\LT_29to3_4_06_1to1\chro\	11.68
S	U	R.AEAAARNDAPR.M	2.14	LT_3_04_06_O.1037.1037.2.chro	C:\Xcalibur\sequest\LT_29to3_4_06_1to1\chro\	37.63
P	1228_TonB-dependent_r	no description	1.07	0.22	16	
S	U	R.ATFSQANSTR.F	0.73	LT_30_03_06_1C.1220.1220.2.chro	C:\Xcalibur\sequest\LT_29to3_4_06_1to1\chro\	71.37
S	U	R.DFDGIKLR.G	0.86	LT_30_03_06_1C.1568.1568.2.chro	C:\Xcalibur\sequest\LT_29to3_4_06_1to1\chro\	32.98
S	U	R.ANPVFFADRSYLGAETGVGPAGFEVVEPAFR.L	1.31	LT_30_03_06_1C.1994.1994.3.chro	C:\Xcalibur\sequest\LT_29to3_4_06_1to1\chro\	22.28
S	U	R.NNNGVPNTR.F	1	LT_30_03_06_1C.1126.1126.2.chro	C:\Xcalibur\sequest\LT_29to3_4_06_1to1\chro\	16.33
S	U	R.IAVNLLSHVEISPAFEPFIEAK.Y	1.4	LT_30_03_06_1C.2064.2064.3.chro	C:\Xcalibur\sequest\LT_29to3_4_06_1to1\chro\	17.67
S	U	R.FNNDLGTR.A	1.22	LT_30_03_06_1C.1310.1310.2.chro	C:\Xcalibur\sequest\LT_29to3_4_06_1to1\chro\	18.25
S	U	R.SVRAPNLGNLFATR.S	1.48	LT_30_03_06_1C.1726.1726.3.chro	C:\Xcalibur\sequest\LT_29to3_4_06_1to1\chro\	55.54
S	U	K.SLTIGGVFQPR.F	0.88	LT_30_03_06_1C.1712.1712.2.chro	C:\Xcalibur\sequest\LT_29to3_4_06_1to1\chro\	37.91
S	U	R.GVATYNLNREDFSFITDPSR.S	1.11	LT_30_03_06_1C.1796.1796.3.chro	C:\Xcalibur\sequest\LT_29to3_4_06_1to1\chro\	15.74
S	U	R.FIGTAGINLLDLR.G	0.93	LT_30_03_06_1C2.1913.1913.2.chro	C:\Xcalibur\sequest\LT_29to3_4_06_1to1\chro\	22.63
S	U	R.ANPVFFADR.S	0.88	LT_30_03_06_1C2.1541.1541.2.chro	C:\Xcalibur\sequest\LT_29to3_4_06_1to1\chro\	33.83
S	U	R.SYLGAETGVGPAGFEVVEPAFR.L	1.16	LT_30_03_06_1C2.1861.1861.2.chro	C:\Xcalibur\sequest\LT_29to3_4_06_1to1\chro\	30.9
S	U	R.LVNGVPTPVPNR.N	1.15	LT_30_03_06_1C2.1435.1435.2.chro	C:\Xcalibur\sequest\LT_29to3_4_06_1to1\chro\	32.29
S	U	R.NGPENGLVDNR.G	0.79	LT_30_03_06_1C2.1273.1273.2.chro	C:\Xcalibur\sequest\LT_29to3_4_06_1to1\chro\	6.56
S	U	R.FYFGVDNVFDTRPPFDLTGTGAGSGIFPVQGR.F	1.12	LT_30_03_06_1C2.2121.2121.3.chro	C:\Xcalibur\sequest\LT_29to3_4_06_1to1\chro\	19.27
S	U	R.GDIQLGDALNELPSLR.A	1.14	LT_3_04_06_J.1808.1808.2.chro	C:\Xcalibur\sequest\LT_29to3_4_06_1to1\chro\	7.02
P	1235_Dihydrolipoamide	no description	1.07	0.21	4	
S	U	K.LTGTGPGGR.I	0.77	LT_30_03_06_1G.1056.1056.2.chro	C:\Xcalibur\sequest\LT_29to3_4_06_1to1\chro\	8.68
S	U	K.TFKELVESPLGLVA.-	1.13	LT_30_03_06_1G.1894.1894.2.chro	C:\Xcalibur\sequest\LT_29to3_4_06_1to1\chro\	11.84
S	U	K.ATPAAAPAPVPAK.D	1.26	LT_30_03_06_1G2.1268.1268.2.chro	C:\Xcalibur\sequest\LT_29to3_4_06_1to1\chro\	14.78
S	U	K.KLTGTGPGGR.I	1.13	LT_30_03_06_1G2.1096.1096.2.chro	C:\Xcalibur\sequest\LT_29to3_4_06_1to1\chro\	11.47
P	1319_glyceraldehyde-3	no description	1.59	0.71	5	
S	U	K.ANALLFKR.D	1.02	LT_3_04_06_K.1553.1553.2.chro	C:\Xcalibur\sequest\LT_29to3_4_06_1to1\chro\	13.47
S	U	K.HLAAGAK.R	1.6	LT_3_04_06_K.953.953.1.chro	C:\Xcalibur\sequest\LT_29to3_4_06_1to1\chro\	42.91
S	U	K.VLNDTLGIER.G	0.82	LT_3_04_06_K.1627.1627.2.chro	C:\Xcalibur\sequest\LT_29to3_4_06_1to1\chro\	9.4
S	U	R.VVSWYDNEWGFSNR.M	1.94	LT_3_04_06_K.1883.1883.2.chro	C:\Xcalibur\sequest\LT_29to3_4_06_1to1\chro\	7.1
S	U	R.DTSVAEVNQILK.D	2.57	LT_3_04_06_K2.1625.1625.2.chro	C:\Xcalibur\sequest\LT_29to3_4_06_1to1\chro\	8.32
P	1320_transketolase	no description	1.15	0.28	7	
S	U	R.ELGWTAEPFVIPADIAAAWASFGEK.G	0.93	LT_30_03_06_1E.2526.2526.2.chro	C:\Xcalibur\sequest\LT_29to3_4_06_1to1\chro\	20.26
S	U	R.ELGWTAEPFVIPADIAAAWASFGEK.G	1.06	LT_30_03_06_1E.2530.2530.3.chro	C:\Xcalibur\sequest\LT_29to3_4_06_1to1\chro\	23.13
S	U	K.KNDFEAR.L	0.92	LT_30_03_06_1E.1156.1156.2.chro	C:\Xcalibur\sequest\LT_29to3_4_06_1to1\chro\	19.68
S	U	R.FGIDSFGASAPIEDLFR.H	1.36	LT_30_03_06_1E.2166.2166.2.chro	C:\Xcalibur\sequest\LT_29to3_4_06_1to1\chro\	31.31
S	U	R.HLNALYGDGLVDHR.T	1.43	LT_30_03_06_1E2.1551.1551.3.chro	C:\Xcalibur\sequest\LT_29to3_4_06_1to1\chro\	11.68
S	U	K.QGTSATHGAPLGADEIAAAR.R	0.83	LT_30_03_06_1E2.1497.1497.3.chro	C:\Xcalibur\sequest\LT_29to3_4_06_1to1\chro\	6.72
S	U	R.QNLPPLR.H	1.5	LT_3_04_06_N2.1323.1323.2.chro	C:\Xcalibur\sequest\LT_29to3_4_06_1to1\chro\	8.63
P	1441_ribosomal_protei	no description	0.99	0.45	2	
S	U	K.LGTVTPNVAEAVK.A	0.67	LT_3_04_06_M.1546.1546.2.chro	C:\Xcalibur\sequest\LT_29to3_4_06_1to1\chro\	23.2
S	U	K.LHGVDEAIK.L	1.31	LT_3_04_06_M2.1326.1326.2.chro	C:\Xcalibur\sequest\LT_29to3_4_06_1to1\chro\	19.16
P	1472_ketol-acid_reduc	no description	0.94	0.13	6	
S	U	K.KAEAAGFK.V	0.89	LT_3_04_06_K.1233.1233.1.chro	C:\Xcalibur\sequest\LT_29to3_4_06_1to1\chro\	22.23
S	U	R.IITEETKK.E	0.97	LT_3_04_06_K.1307.1307.2.chro	C:\Xcalibur\sequest\LT_29to3_4_06_1to1\chro\	26.65
S	U	K.NKLVDK.A	0.93	LT_3_04_06_K.1109.1109.1.chro	C:\Xcalibur\sequest\LT_29to3_4_06_1to1\chro\	39.95
S	U	K.KAEAAGFK.V	0.79	LT_3_04_06_K2.1111.1111.2.chro	C:\Xcalibur\sequest\LT_29to3_4_06_1to1\chro\	28.8
S	U	R.VLADIQSGR.F	1.18	LT_3_04_06_K2.1337.1337.2.chro	C:\Xcalibur\sequest\LT_29to3_4_06_1to1\chro\	21.92
S	U	K.NKLVDK.A	0.89	LT_3_04_06_K2.1021.1021.2.chro	C:\Xcalibur\sequest\LT_29to3_4_06_1to1\chro\	34.02
P	1485_DNA-directed_RNA	no description	1.02	0.36	24	
S	U	R.SVIVTGPELK.L	0.7	LT_29_03_06_1A.1479.1479.2.chro	C:\Xcalibur\sequest\LT_29to3_4_06_1to1\chro\	10.81
S	U	R.FRQNLLGK.R	0.75	LT_29_03_06_1A2.1338.1338.2.chro	C:\Xcalibur\sequest\LT_29to3_4_06_1to1\chro\	14.99
S	U	K.RFETTPGR.M	1.05	LT_29_03_06_1A2.1142.1142.2.chro	C:\Xcalibur\sequest\LT_29to3_4_06_1to1\chro\	19.57
S	U	K.EQLVDETR.S	0.91	LT_29_03_06_1A2.1214.1214.2.chro	C:\Xcalibur\sequest\LT_29to3_4_06_1to1\chro\	14.63
S	U	K.IAIVPEEGDPIEYLIPKSK.V	0.49	LT_29_03_06_1A2.1878.1878.3.chro	C:\Xcalibur\sequest\LT_29to3_4_06_1to1\chro\	9.54
S	U	R.VTASSKDAALR.A	1.05	LT_29_03_06_1A2.1146.1146.2.chro	C:\Xcalibur\sequest\LT_29to3_4_06_1to1\chro\	35.66
S	U	R.VANQEHLIAPR.T	0.8	LT_29_03_06_1A2.1290.1290.2.chro	C:\Xcalibur\sequest\LT_29to3_4_06_1to1\chro\	18.37
S	U	R.FATSDLNDLYR.R	0.96	LT_30_03_06_1B.1656.1656.2.chro	C:\Xcalibur\sequest\LT_29to3_4_06_1to1\chro\	18.23
S	U	K.EIGDVIDQVYR.H	1.03	LT_30_03_06_1B.1700.1700.2.chro	C:\Xcalibur\sequest\LT_29to3_4_06_1to1\chro\	25.08
S	U	K.TANSGYLTR.R	1	LT_30_03_06_1B.1260.1260.2.chro	C:\Xcalibur\sequest\LT_29to3_4_06_1to1\chro\	23.45
S	U	R.AIIQGGSTIASLGER.I	0.84	LT_30_03_06_1B.1612.1612.2.chro	C:\Xcalibur\sequest\LT_29to3_4_06_1to1\chro\	41.27
S	U	R.ITLLDDASGEAAR.Y	0.92	LT_30_03_06_1B.1558.1558.2.chro	C:\Xcalibur\sequest\LT_29to3_4_06_1to1\chro\	39.24
S	U	R.VAELFEAR.I	1.19	LT_30_03_06_1B.1508.1508.2.chro	C:\Xcalibur\sequest\LT_29to3_4_06_1to1\chro\	29.68
S	U	R.IPKDNSVIAK.I	1.21	LT_30_03_06_1B.1242.1242.2.chro	C:\Xcalibur\sequest\LT_29to3_4_06_1to1\chro\	29.68
S	U	R.KIAIVPEEGDPIEYLIPK.S	1.26	LT_30_03_06_1B.1972.1972.2.chro	C:\Xcalibur\sequest\LT_29to3_4_06_1to1\chro\	7.09
S	U	R.KIAIVPEEGDPIEYLIPK.S	0.99	LT_30_03_06_1B.1974.1974.3.chro	C:\Xcalibur\sequest\LT_29to3_4_06_1to1\chro\	13.49
S	U	R.TITGANK.R	2.22	LT_30_03_06_1B2.811.811.1.chro	C:\Xcalibur\sequest\LT_29to3_4_06_1to1\chro\	16.72
S	U	K.RVDYSGR.S	0.8	LT_30_03_06_1B2.1073.1073.2.chro	C:\Xcalibur\sequest\LT_29to3_4_06_1to1\chro\	73.68
S	U	R.LGIQAFEPVLIEGK.A	0.78	LT_30_03_06_1B2.1907.1907.2.chro	C:\Xcalibur\sequest\LT_29to3_4_06_1to1\chro\	57.02
S	U	R.KGLADTALK.T	0.78	LT_30_03_06_1B2.1305.1305.2.chro	C:\Xcalibur\sequest\LT_29to3_4_06_1to1\chro\	31.85
S	U	R.RLALSR.S	0.9	LT_30_03_06_1B2.1243.1243.2.chro	C:\Xcalibur\sequest\LT_29to3_4_06_1to1\chro\	22.03
S	U	R.SGEIAIIDSEGRER.A	0.92	LT_30_03_06_1B2.1489.1489.2.chro	C:\Xcalibur\sequest\LT_29to3_4_06_1to1\chro\	37.64
S	U	R.VSREASK.T	1.26	LT_30_03_06_1B2.661.661.2.chro	C:\Xcalibur\sequest\LT_29to3_4_06_1to1\chro\	12.88
S	U	R.LIPAGTGAAMNR.V	1.77	LT_30_03_06_1B2.1405.1405.2.chro	C:\Xcalibur\sequest\LT_29to3_4_06_1to1\chro\	8.58
P	1486_DNA-directed_RNA	no description	1	0.2	23	
S	U	R.GLGQQVTR.A	1.12	LT_29_03_06_1A2.1172.1172.2.chro	C:\Xcalibur\sequest\LT_29to3_4_06_1to1\chro\	24.83
S	U	R.SVGELLENQYR.V	1.09	LT_30_03_06_1B.1592.1592.2.chro	C:\Xcalibur\sequest\LT_29to3_4_06_1to1\chro\	29.58
S	U	K.QLVSVAASLIPFLENDDANR.A	1.45	LT_30_03_06_1B.2150.2150.2.chro	C:\Xcalibur\sequest\LT_29to3_4_06_1to1\chro\	14.92
S	U	R.DSGAAIAAR.R	0.77	LT_30_03_06_1B.1122.1122.2.chro	C:\Xcalibur\sequest\LT_29to3_4_06_1to1\chro\	13.25
S	U	R.RGGVIDQVDATR.I	0.96	LT_30_03_06_1B.1362.1362.2.chro	C:\Xcalibur\sequest\LT_29to3_4_06_1to1\chro\	42.46
S	U	R.ATFSSLKDLLVGQATSAVPK.G	0.71	LT_30_03_06_1B.1936.1936.2.chro	C:\Xcalibur\sequest\LT_29to3_4_06_1to1\chro\	29.33
S	U	R.KLQPGDK.M	1.14	LT_30_03_06_1B.892.892.2.chro	C:\Xcalibur\sequest\LT_29to3_4_06_1to1\chro\	48.32
S	U	K.VGVPFATPVFDGAK.E	0.69	LT_30_03_06_1B.1790.1790.2.chro	C:\Xcalibur\sequest\LT_29to3_4_06_1to1\chro\	19.41
S	U	K.SVGQALEATATKR.I	1.06	LT_30_03_06_1B2.1435.1435.2.chro	C:\Xcalibur\sequest\LT_29to3_4_06_1to1\chro\	31.55
S	U	R.GSKPAFDVVDAK.T	0.96	LT_30_03_06_1B2.1441.1441.2.chro	C:\Xcalibur\sequest\LT_29to3_4_06_1to1\chro\	16.95
S	U	K.TGEVVFAAGHK.I	1.22	LT_30_03_06_1B2.1349.1349.2.chro	C:\Xcalibur\sequest\LT_29to3_4_06_1to1\chro\	50.3
S	U	K.DGLDTLLIPTEEIFGR.Y	0.92	LT_30_03_06_1B2.2189.2189.2.chro	C:\Xcalibur\sequest\LT_29to3_4_06_1to1\chro\	21.55
S	U	R.VSALGPGGLTR.E	1.04	LT_30_03_06_1B2.1453.1453.2.chro	C:\Xcalibur\sequest\LT_29to3_4_06_1to1\chro\	26.92
S	U	R.AGDIIADGPSTELGELALGK.N	0.98	LT_30_03_06_1B2.1881.1881.2.chro	C:\Xcalibur\sequest\LT_29to3_4_06_1to1\chro\	25.05
S	U	R.LGPEDITR.D	1.09	LT_30_03_06_1B2.1417.1417.2.chro	C:\Xcalibur\sequest\LT_29to3_4_06_1to1\chro\	24.16
S	U	R.LGPEDITRDIPNVGEEALR.N	1.26	LT_30_03_06_1B2.1835.1835.3.chro	C:\Xcalibur\sequest\LT_29to3_4_06_1to1\chro\	8.97
S	U	R.HGIDKDER.A	0.7	LT_30_03_06_1B2.929.929.2.chro	C:\Xcalibur\sequest\LT_29to3_4_06_1to1\chro\	24.21
S	U	K.YEDRVEK.L	1.26	LT_30_03_06_1B2.1105.1105.2.chro	C:\Xcalibur\sequest\LT_29to3_4_06_1to1\chro\	16.4
S	U	R.HGNKGVISR.I	0.79	LT_30_03_06_1B2.1055.1055.2.chro	C:\Xcalibur\sequest\LT_29to3_4_06_1to1\chro\	23.57
S	U	R.ILPVEDMPFLEDGTPVDIVLNPLGVPSR.M	0.95	LT_30_03_06_1B2.2299.2299.3.chro	C:\Xcalibur\sequest\LT_29to3_4_06_1to1\chro\	13.77
S	U	R.DAEGIIELASNLK.V	1.2	LT_30_03_06_1B2.1915.1915.2.chro	C:\Xcalibur\sequest\LT_29to3_4_06_1to1\chro\	27.59
S	U	R.SIGPYSLVTQQPLGGK.A	0.85	LT_30_03_06_1B2.1729.1729.2.chro	C:\Xcalibur\sequest\LT_29to3_4_06_1to1\chro\	32.98
S	U	K.ELVNLKDGK.G	0.9	LT_3_04_06_K2.1349.1349.2.chro	C:\Xcalibur\sequest\LT_29to3_4_06_1to1\chro\	42.34
P	1495_ribosomal_protei	no description	0.82	0.28	5	
S	U	K.GTVTAIENDLAVIDIGLKSEGR.V	1.24	LT_30_03_06_1F.2029.2029.3.chro	C:\Xcalibur\sequest\LT_29to3_4_06_1to1\chro\	10.33
S	U	R.GNIVVSRR.A	0.49	LT_30_03_06_1F.1183.1183.2.chro	C:\Xcalibur\sequest\LT_29to3_4_06_1to1\chro\	10.25
S	U	R.SGLIQNLEEGQIIEGAVK.N	0.87	LT_30_03_06_1F.1855.1855.2.chro	C:\Xcalibur\sequest\LT_29to3_4_06_1to1\chro\	24.31
S	U	R.INRDTQR.I	0.85	LT_30_03_06_1F2.875.875.2.chro	C:\Xcalibur\sequest\LT_29to3_4_06_1to1\chro\	26.94
S	U	K.AMQIAEEKEAVAQYGSSDSGASLGDILGEALK.A	0.66	LT_30_03_06_1F2.1933.1933.3.chro	C:\Xcalibur\sequest\LT_29to3_4_06_1to1\chro\	10.14
P	1537_acyl-CoA_dehydro	no description	1.08	0.19	2	
S	U	R.HDDGSVTTPK.G	0.95	LT_30_03_06_1G2.1078.1078.2.chro	C:\Xcalibur\sequest\LT_29to3_4_06_1to1\chro\	9.83
S	U	R.FLPDAGSLR.R	1.21	LT_3_04_06_P.1585.1585.2.chro	C:\Xcalibur\sequest\LT_29to3_4_06_1to1\chro\	12.39
P	1580_N-acylneuraminat	no description	1.07	0.36	6	
S	U	K.HFTVDR.G	1.27	LT_30_03_06_1E.1252.1252.2.chro	C:\Xcalibur\sequest\LT_29to3_4_06_1to1\chro\	25.1
S	U	R.AGQQIADEDIQIR.S	1.67	LT_30_03_06_1E.1524.1524.2.chro	C:\Xcalibur\sequest\LT_29to3_4_06_1to1\chro\	12.92
S	U	R.YHDLQK.M	0.68	LT_30_03_06_1E.1126.1126.2.chro	C:\Xcalibur\sequest\LT_29to3_4_06_1to1\chro\	18.6
S	U	R.NIAPLIVFAEEDIVSALR.K	1	LT_30_03_06_1E2.2559.2559.2.chro	C:\Xcalibur\sequest\LT_29to3_4_06_1to1\chro\	20.85
S	U	R.NIAPLIVFAEEDIVSALRK.I	1.03	LT_30_03_06_1E2.2455.2455.3.chro	C:\Xcalibur\sequest\LT_29to3_4_06_1to1\chro\	29.12
S	U	R.NIAPLIVFAEEDIVSALRK.I	0.75	LT_30_03_06_1E2.2459.2459.2.chro	C:\Xcalibur\sequest\LT_29to3_4_06_1to1\chro\	8.26
P	1583_Protein-tyrosine	no description	1.21	0.65	4	
S	U	R.TLAADSLSSLNSELVK.A	1.27	LT_30_03_06_1E.1770.1770.2.chro	C:\Xcalibur\sequest\LT_29to3_4_06_1to1\chro\	6.19
S	U	R.QRVEDSER.A	0.38	LT_30_03_06_1E2.961.961.2.chro	C:\Xcalibur\sequest\LT_29to3_4_06_1to1\chro\	10.96
S	U	R.DAIQYNIYQR.E	1.96	LT_30_03_06_1E2.1559.1559.2.chro	C:\Xcalibur\sequest\LT_29to3_4_06_1to1\chro\	6.7
S	U	K.SSLAFSTSHGIPR.S	1.24	LT_30_03_06_1E2.1531.1531.2.chro	C:\Xcalibur\sequest\LT_29to3_4_06_1to1\chro\	8.76
P	1606_AAA_family_ATPas	no description	1.01	0.3	2	
S	U	K.AAPSILFIDEIDSIAPK.R	1.22	LT_30_03_06_1E.2176.2176.2.chro	C:\Xcalibur\sequest\LT_29to3_4_06_1to1\chro\	18.94
S	U	R.AVAPTIIFIDELDSLVPAR.G	0.8	LT_30_03_06_1E.2414.2414.2.chro	C:\Xcalibur\sequest\LT_29to3_4_06_1to1\chro\	19.63
P	1611_Glycine--tRNA_li	no description	1.05	0.37	2	
S	U	K.AAADAGLSLVEDEGLVIENAGLTEWPVPLLGR.F	0.79	LT_30_03_06_1E2.2427.2427.3.chro	C:\Xcalibur\sequest\LT_29to3_4_06_1to1\chro\	6.7
S	U	K.LGTVADKVER.V	1.31	LT_3_04_06_M.1202.1202.2.chro	C:\Xcalibur\sequest\LT_29to3_4_06_1to1\chro\	20.42
P	1700_ribosomal_protei	no description	1.02	0.08	2	
S	U	R.AITGLGLGEAK.A	1.08	LT_3_04_06_P.1633.1633.2.chro	C:\Xcalibur\sequest\LT_29to3_4_06_1to1\chro\	21.34
S	U	K.IVEDLSALTVLEAAELSK.L	0.97	LT_3_04_06_P2.2203.2203.2.chro	C:\Xcalibur\sequest\LT_29to3_4_06_1to1\chro\	20.23
P	1701_ribosomal_protei	no description	0.98	0.04	2	
S	U	K.IALDGTSYTGIGELLTGPTAIASSTDPVAAAK.I	1.01	LT_3_04_06_P.2175.2175.2.chro	C:\Xcalibur\sequest\LT_29to3_4_06_1to1\chro\	18.89
S	U	K.VAQIAAAPAGQLAR.V	0.95	LT_3_04_06_P2.1617.1617.2.chro	C:\Xcalibur\sequest\LT_29to3_4_06_1to1\chro\	25.53
P	1728_Endothelin-conve	no description	1.32	0.74	2	
S	U	R.GIGVNEESLLVSQPSAFTGEAK.L	0.79	LT_30_03_06_1F.1777.1777.2.chro	C:\Xcalibur\sequest\LT_29to3_4_06_1to1\chro\	10.13
S	U	K.GLSPIEPWLNQIR.S	1.84	LT_30_03_06_1F2.1877.1877.2.chro	C:\Xcalibur\sequest\LT_29to3_4_06_1to1\chro\	12.23
P	1761_Leucyl_aminopept	no description	1.37	0.57	3	
S	U	R.KGEAGALGALLGAAAAQAR.F	1.43	LT_30_03_06_1H.1833.1833.2.chro	C:\Xcalibur\sequest\LT_29to3_4_06_1to1\chro\	15.74
S	U	R.FDGAAGTIAETAAIDGEQAKR.L	0.77	LT_30_03_06_1H.1617.1617.3.chro	C:\Xcalibur\sequest\LT_29to3_4_06_1to1\chro\	9.75
S	U	R.KGEAGALGALLGAAAAQAR.F	1.9	LT_30_03_06_1H2.1851.1851.3.chro	C:\Xcalibur\sequest\LT_29to3_4_06_1to1\chro\	28.68
P	1817_preprotein_trans	no description	1.17	0.12	4	
S	U	R.LAAGETLDDILPEAFATVR.E	1.1	LT_30_03_06_1C.2062.2062.2.chro	C:\Xcalibur\sequest\LT_29to3_4_06_1to1\chro\	18.83
S	U	R.TIREAQER.G	1.27	LT_30_03_06_1C.1106.1106.2.chro	C:\Xcalibur\sequest\LT_29to3_4_06_1to1\chro\	17.83
S	U	R.IVAQAGR.S	1.27	LT_30_03_06_1C.1056.1056.2.chro	C:\Xcalibur\sequest\LT_29to3_4_06_1to1\chro\	11.21
S	U	R.FHESEAR.I	1.02	LT_30_03_06_1C2.1045.1045.2.chro	C:\Xcalibur\sequest\LT_29to3_4_06_1to1\chro\	45.22
P	1913_TonB-dependent_r	no description	1.17	0.25	4	
S	U	R.LDGGYHKR.D	1.11	LT_30_03_06_1D.1018.1018.2.chro	C:\Xcalibur\sequest\LT_29to3_4_06_1to1\chro\	9.72
S	U	R.SESKLTGTAK.L	1.02	LT_30_03_06_1D.1068.1068.2.chro	C:\Xcalibur\sequest\LT_29to3_4_06_1to1\chro\	32.47
S	U	R.YNHESK.K	1.01	LT_30_03_06_1D2.683.683.2.chro	C:\Xcalibur\sequest\LT_29to3_4_06_1to1\chro\	13.46
S	U	K.SGGYNLDR.G	1.54	LT_30_03_06_1D2.1269.1269.2.chro	C:\Xcalibur\sequest\LT_29to3_4_06_1to1\chro\	7.48
P	1951_outer_membrane_c	no description	0.72	0.09	3	
S	U	R.TASQQIETTYK.A	0.8	LT_3_04_06_O.1417.1417.2.chro	C:\Xcalibur\sequest\LT_29to3_4_06_1to1\chro\	22.66
S	U	K.GVAVADVR.V	0.61	LT_3_04_06_O2.1343.1343.2.chro	C:\Xcalibur\sequest\LT_29to3_4_06_1to1\chro\	10.59
S	U	R.ILPNVSIAVPAGYQPGQLVQQR.N	0.74	LT_3_04_06_P2.1979.1979.2.chro	C:\Xcalibur\sequest\LT_29to3_4_06_1to1\chro\	5.25
P	1960_ribosomal_protei	no description	0.96	0.21	5	
S	U	R.ALDFIASTAASGGK.V	0.68	LT_3_04_06_L.1633.1633.2.chro	C:\Xcalibur\sequest\LT_29to3_4_06_1to1\chro\	21.96
S	U	R.QAQGPIADAAR.A	0.9	LT_3_04_06_L.1323.1323.2.chro	C:\Xcalibur\sequest\LT_29to3_4_06_1to1\chro\	19.66
S	U	K.TISNSIKR.L	0.99	LT_3_04_06_L.1247.1247.2.chro	C:\Xcalibur\sequest\LT_29to3_4_06_1to1\chro\	10.23
S	U	R.NGIHILDLSQTVPLFAR.A	1.27	LT_3_04_06_L2.2056.2056.3.chro	C:\Xcalibur\sequest\LT_29to3_4_06_1to1\chro\	23.46
S	U	K.EVLNK.T	0.97	LT_3_04_06_L2.984.984.1.chro	C:\Xcalibur\sequest\LT_29to3_4_06_1to1\chro\	15.61
P	1964_isocitrate_dehyd	no description	1.27	0.31	4	
S	U	K.TVESEAAHGTVTR.H	0.93	LT_3_04_06_J.1370.1370.2.chro	C:\Xcalibur\sequest\LT_29to3_4_06_1to1\chro\	21.24
S	U	R.LVPGWTDPIVVGR.H	1.08	LT_3_04_06_J2.1795.1795.2.chro	C:\Xcalibur\sequest\LT_29to3_4_06_1to1\chro\	12.52
S	U	R.ASLNYGLAR.E	1.5	LT_3_04_06_J2.1521.1521.2.chro	C:\Xcalibur\sequest\LT_29to3_4_06_1to1\chro\	15.34
S	U	K.ATSTNPIASIFAWTGGLK.H	1.56	LT_3_04_06_J2.2235.2235.2.chro	C:\Xcalibur\sequest\LT_29to3_4_06_1to1\chro\	16.13
P	1988_OmpAORMotB	no description	0.94	0.16	4	
S	U	R.APLSSNWDVGLK.Y	0.93	LT_3_04_06_J.1738.1738.2.chro	C:\Xcalibur\sequest\LT_29to3_4_06_1to1\chro\	16.74
S	U	R.FFNADNVDLVDQAGR.D	1.02	LT_3_04_06_J.1772.1772.2.chro	C:\Xcalibur\sequest\LT_29to3_4_06_1to1\chro\	16.47
S	U	R.YNVGLSER.R	0.72	LT_3_04_06_J.1488.1488.2.chro	C:\Xcalibur\sequest\LT_29to3_4_06_1to1\chro\	26.44
S	U	R.RNDAVR.S	1.08	LT_3_04_06_K2.789.789.2.chro	C:\Xcalibur\sequest\LT_29to3_4_06_1to1\chro\	18.8
P	2041_ribosomal_protei	no description	0.94	0.12	4	
S	U	R.TGGKQYR.V	0.8	LT_3_04_06_O.907.907.2.chro	C:\Xcalibur\sequest\LT_29to3_4_06_1to1\chro\	19.38
S	U	R.RHNYR.R	1.05	LT_3_04_06_O.959.959.2.chro	C:\Xcalibur\sequest\LT_29to3_4_06_1to1\chro\	28.99
S	U	R.QSLTLLR.I	1.03	LT_3_04_06_O.1597.1597.2.chro	C:\Xcalibur\sequest\LT_29to3_4_06_1to1\chro\	31.91
S	U	K.KEAAPK.E	0.87	LT_3_04_06_O.787.787.1.chro	C:\Xcalibur\sequest\LT_29to3_4_06_1to1\chro\	17.36
P	2044_Twin-arginine_tr	no description	1.91	0.92	2	
S	U	R.TTELHSK.Y	1.26	LT_30_03_06_1G.878.878.2.chro	C:\Xcalibur\sequest\LT_29to3_4_06_1to1\chro\	6.69
S	U	K.VGHSEIVR.Q	2.56	LT_30_03_06_1G.1152.1152.2.chro	C:\Xcalibur\sequest\LT_29to3_4_06_1to1\chro\	8.73
P	2091_TonB-dependent_s	no description	1	0.19	26	
S	U	R.TILVIGK.S	0.79	LT_30_03_06_1F.1475.1475.1.chro	C:\Xcalibur\sequest\LT_29to3_4_06_1to1\chro\	11.35
S	U	K.SDGYVATNSVTATKTDTPLIDVPQTISVVTR.E	0.95	LT_30_03_06_1F.1843.1843.3.chro	C:\Xcalibur\sequest\LT_29to3_4_06_1to1\chro\	35.71
S	U	K.TDTPLIDVPQTISVVTR.E	0.94	LT_30_03_06_1F.1871.1871.2.chro	C:\Xcalibur\sequest\LT_29to3_4_06_1to1\chro\	38.83
S	U	R.ERLDDQASR.S	1.08	LT_30_03_06_1F.1115.1115.2.chro	C:\Xcalibur\sequest\LT_29to3_4_06_1to1\chro\	55.92
S	U	R.GQNTTADFFLDGVRDDVQYFR.S	0.9	LT_30_03_06_1F.1989.1989.3.chro	C:\Xcalibur\sequest\LT_29to3_4_06_1to1\chro\	21.22
S	U	R.SLYNIER.V	0.95	LT_30_03_06_1F.1429.1429.2.chro	C:\Xcalibur\sequest\LT_29to3_4_06_1to1\chro\	64.2
S	U	R.GGSGGVINR.V	0.93	LT_30_03_06_1F.1113.1113.2.chro	C:\Xcalibur\sequest\LT_29to3_4_06_1to1\chro\	56.35
S	U	R.DTFFGVPGVNR.T	1.02	LT_30_03_06_1F.1709.1709.2.chro	C:\Xcalibur\sequest\LT_29to3_4_06_1to1\chro\	57.15
S	U	R.ILFGLEYGDQDSTNQRR.N	1.19	LT_30_03_06_1F.1659.1659.3.chro	C:\Xcalibur\sequest\LT_29to3_4_06_1to1\chro\	17.63
S	U	R.NGTLSNGTLDLANIVYPTVSFGPLVR.N	0.68	LT_30_03_06_1F.2153.2153.2.chro	C:\Xcalibur\sequest\LT_29to3_4_06_1to1\chro\	9.86
S	U	R.SGDQFLTLAPASGSSPAQEDLTPER.M	0.81	LT_30_03_06_1F.1733.1733.2.chro	C:\Xcalibur\sequest\LT_29to3_4_06_1to1\chro\	33.02
S	U	K.WDIRPDLNVTAALFQLDR.N	0.99	LT_30_03_06_1F.2115.2115.3.chro	C:\Xcalibur\sequest\LT_29to3_4_06_1to1\chro\	63.87
S	U	R.NNTAVPVAGVPGSQFLTDTR.T	1.09	LT_30_03_06_1F.1763.1763.2.chro	C:\Xcalibur\sequest\LT_29to3_4_06_1to1\chro\	35.34
S	U	R.KNDDSIR.L	1.03	LT_30_03_06_1F.913.913.2.chro	C:\Xcalibur\sequest\LT_29to3_4_06_1to1\chro\	45.31
S	U	K.SDGYVATNSVTATK.T	0.89	LT_30_03_06_1F2.1341.1341.2.chro	C:\Xcalibur\sequest\LT_29to3_4_06_1to1\chro\	52.63
S	U	R.SIADVLR.Y	1.05	LT_30_03_06_1F2.1527.1527.1.chro	C:\Xcalibur\sequest\LT_29to3_4_06_1to1\chro\	22.47
S	U	R.GQNTTADFFLDGVRDDVQYFR.S	0.79	LT_30_03_06_1F2.1981.1981.2.chro	C:\Xcalibur\sequest\LT_29to3_4_06_1to1\chro\	14.24
S	U	R.LNANYESLDNHRDFFEGER.Y	1.34	LT_30_03_06_1F2.1611.1611.3.chro	C:\Xcalibur\sequest\LT_29to3_4_06_1to1\chro\	17.4
S	U	R.YAINPYVAADLGR.W	1.09	LT_30_03_06_1F2.1691.1691.2.chro	C:\Xcalibur\sequest\LT_29to3_4_06_1to1\chro\	36.77
S	U	K.LGLSYEYVNDDRVTDR.G	0.86	LT_30_03_06_1F2.1585.1585.2.chro	C:\Xcalibur\sequest\LT_29to3_4_06_1to1\chro\	16.33
S	U	R.TGLEAHIVK.A	0.82	LT_30_03_06_1F2.1369.1369.2.chro	C:\Xcalibur\sequest\LT_29to3_4_06_1to1\chro\	23.61
S	U	R.YDRFEIK.G	0.92	LT_30_03_06_1F2.1411.1411.2.chro	C:\Xcalibur\sequest\LT_29to3_4_06_1to1\chro\	12.53
S	U	R.TDEKLSPR.I	1.04	LT_30_03_06_1F2.1139.1139.2.chro	C:\Xcalibur\sequest\LT_29to3_4_06_1to1\chro\	47.71
S	U	R.LGQVPEHQFALWNR.Y	1.13	LT_30_03_06_1F2.1661.1661.3.chro	C:\Xcalibur\sequest\LT_29to3_4_06_1to1\chro\	27.89
S	U	R.NVGMGLGVVHQSSQFAAIR.T	1.26	LT_30_03_06_1F2.1667.1667.2.chro	C:\Xcalibur\sequest\LT_29to3_4_06_1to1\chro\	16.99
S	U	R.YFSDAHNLNNITPGAPINAR.F	1.56	LT_30_03_06_1F2.1599.1599.3.chro	C:\Xcalibur\sequest\LT_29to3_4_06_1to1\chro\	11.8
P	2096_aconitate_hydrat	no description	1.23	0.53	5	
S	U	K.LKEGVTATDLVLTATQMLR.A	2.04	LT_30_03_06_1D.2116.2116.3.chro	C:\Xcalibur\sequest\LT_29to3_4_06_1to1\chro\	23.62
S	U	R.LTGRSDENIALVEAYAR.A	1.42	LT_30_03_06_1D.1674.1674.3.chro	C:\Xcalibur\sequest\LT_29to3_4_06_1to1\chro\	21.13
S	U	K.TSLAPGSQVVTDYLVK.A	0.73	LT_30_03_06_1D.1782.1782.2.chro	C:\Xcalibur\sequest\LT_29to3_4_06_1to1\chro\	27.49
S	U	R.SDENIALVEAYAR.A	0.79	LT_30_03_06_1D2.1709.1709.2.chro	C:\Xcalibur\sequest\LT_29to3_4_06_1to1\chro\	9.89
S	U	K.ADFNSYGAR.R	1.15	LT_30_03_06_1D2.1341.1341.2.chro	C:\Xcalibur\sequest\LT_29to3_4_06_1to1\chro\	24.69
P	2140_Glutamate_syntha	no description	1.17	0.39	6	
S	U	K.GLFLAESLADFYPDLANKLFESR.V	1.59	LT_30_03_06_1B.2320.2320.3.chro	C:\Xcalibur\sequest\LT_29to3_4_06_1to1\chro\	19.48
S	U	R.YSTNTFPQWWLAQPFR.C	0.76	LT_30_03_06_1B.2084.2084.2.chro	C:\Xcalibur\sequest\LT_29to3_4_06_1to1\chro\	6.66
S	U	R.AGRDAPTAK.L	0.95	LT_30_03_06_1B.824.824.2.chro	C:\Xcalibur\sequest\LT_29to3_4_06_1to1\chro\	14.11
S	U	K.IAGAADYAAR.V	1.46	LT_30_03_06_1B.1276.1276.2.chro	C:\Xcalibur\sequest\LT_29to3_4_06_1to1\chro\	11.89
S	U	K.YAGTPWEMGLSEVNQVLTLNGLR.H	1.52	LT_30_03_06_1B.2340.2340.3.chro	C:\Xcalibur\sequest\LT_29to3_4_06_1to1\chro\	13.81
S	U	R.VAIFHQR.Y	0.76	LT_30_03_06_1B2.1337.1337.2.chro	C:\Xcalibur\sequest\LT_29to3_4_06_1to1\chro\	15.84
P	2197_phosphoribosylfo	no description	0.97	0.28	2	
S	U	R.ADVPVDPLGR.T	1.17	LT_30_03_06_1E.1536.1536.2.chro	C:\Xcalibur\sequest\LT_29to3_4_06_1to1\chro\	14.09
S	U	K.ATGGGSAILPTPAIGGVGVIEDLGK.A	0.77	LT_30_03_06_1E2.1997.1997.2.chro	C:\Xcalibur\sequest\LT_29to3_4_06_1to1\chro\	14.93
P	2212_phospho-2-dehydr	no description	1.29	0.07	2	
S	U	K.KYQETAGR.I	1.33	LT_30_03_06_1H.1003.1003.2.chro	C:\Xcalibur\sequest\LT_29to3_4_06_1to1\chro\	34.36
S	U	K.AYNQSAATLNLLR.A	1.24	LT_30_03_06_1H2.1667.1667.2.chro	C:\Xcalibur\sequest\LT_29to3_4_06_1to1\chro\	10.19
P	2227_2-oxoglutarate_d	no description	0.92	0.18	3	
S	U	R.LRQTIAK.R	0.84	LT_30_03_06_1H.1163.1163.2.chro	C:\Xcalibur\sequest\LT_29to3_4_06_1to1\chro\	9.57
S	U	R.NAETLSFADIEK.T	0.8	LT_30_03_06_1H.1661.1661.2.chro	C:\Xcalibur\sequest\LT_29to3_4_06_1to1\chro\	13.45
S	U	K.EAIEDPTRLLIDL.-	1.13	LT_30_03_06_1H2.2053.2053.2.chro	C:\Xcalibur\sequest\LT_29to3_4_06_1to1\chro\	8.61
P	2228_2-oxoglutarate_d	no description	1.03	0.51	4	
S	U	K.AGAPLSNAEVER.A	0.8	LT_30_03_06_1C2.1331.1331.2.chro	C:\Xcalibur\sequest\LT_29to3_4_06_1to1\chro\	20.49
S	U	R.GKQAILSK.V	0.54	LT_30_03_06_1C2.1111.1111.2.chro	C:\Xcalibur\sequest\LT_29to3_4_06_1to1\chro\	14.44
S	U	R.SSPYPSDVAK.G	1.07	LT_30_03_06_1C2.1267.1267.2.chro	C:\Xcalibur\sequest\LT_29to3_4_06_1to1\chro\	16.14
S	U	R.HQTEQSALVADALGLSVR.A	1.73	LT_30_03_06_1D.1840.1840.3.chro	C:\Xcalibur\sequest\LT_29to3_4_06_1to1\chro\	13.76
P	2230_malate_dehydroge	no description	0.87	0.16	3	
S	U	K.ELGDVVLFDVVEGVPQGK.A	1.04	LT_3_04_06_L.2067.2067.2.chro	C:\Xcalibur\sequest\LT_29to3_4_06_1to1\chro\	22.46
S	U	R.YSTVNGIPVPDLVK.M	0.75	LT_3_04_06_L.1799.1799.2.chro	C:\Xcalibur\sequest\LT_29to3_4_06_1to1\chro\	20.48
S	U	K.ALDLSQVGPIAGFDAK.I	0.8	LT_3_04_06_L2.1788.1788.2.chro	C:\Xcalibur\sequest\LT_29to3_4_06_1to1\chro\	22.26
P	2247_Peptidase_S1C,_D	no description	0.98	0.18	9	
S	U	R.DVASDLALLKIDATGLPFVK.F	1.15	LT_30_03_06_1H.2163.2163.3.chro	C:\Xcalibur\sequest\LT_29to3_4_06_1to1\chro\	15.39
S	U	R.NIGQGGAYDR.Y	0.66	LT_30_03_06_1H.1235.1235.2.chro	C:\Xcalibur\sequest\LT_29to3_4_06_1to1\chro\	12.35
S	U	R.YIQTDTAINR.G	1.2	LT_30_03_06_1H.1355.1355.2.chro	C:\Xcalibur\sequest\LT_29to3_4_06_1to1\chro\	15.08
S	U	R.GYLGIGIVPVTEDIAAALGLPK.D	0.91	LT_30_03_06_1H.2469.2469.2.chro	C:\Xcalibur\sequest\LT_29to3_4_06_1to1\chro\	28.8
S	U	K.FAQGSPAR.V	0.78	LT_30_03_06_1H2.1169.1169.2.chro	C:\Xcalibur\sequest\LT_29to3_4_06_1to1\chro\	18.14
S	U	R.VGDWVVAIGNPLGLGSTVTAGIISAVQR.N	0.92	LT_30_03_06_1H2.2443.2443.3.chro	C:\Xcalibur\sequest\LT_29to3_4_06_1to1\chro\	17.13
S	U	K.DRGEFVQR.V	0.98	LT_30_03_06_1H2.1253.1253.2.chro	C:\Xcalibur\sequest\LT_29to3_4_06_1to1\chro\	15.96
S	U	K.RGDVVLK.V	1.02	LT_30_03_06_1H2.1213.1213.2.chro	C:\Xcalibur\sequest\LT_29to3_4_06_1to1\chro\	8.13
S	U	R.AVGIDPDSKGLVIAAVAGSSDAGR.K	1.19	LT_30_03_06_1H2.1735.1735.3.chro	C:\Xcalibur\sequest\LT_29to3_4_06_1to1\chro\	9.39
P	2286_ATP_synthase_F1,	no description	0.91	0.12	9	
S	U	K.VIKDQIANFGTDATVTEIGSVLSVGDGIAR.V	0.82	LT_30_03_06_1G.2016.2016.3.chro	C:\Xcalibur\sequest\LT_29to3_4_06_1to1\chro\	30.59
S	U	K.KVSGSIK.L	0.67	LT_30_03_06_1G.966.966.2.chro	C:\Xcalibur\sequest\LT_29to3_4_06_1to1\chro\	25.39
S	U	K.ALVAALDAFAK.I	0.99	LT_30_03_06_1G.1754.1754.2.chro	C:\Xcalibur\sequest\LT_29to3_4_06_1to1\chro\	27.87
S	U	R.TGTIVDVPVGK.G	0.87	LT_30_03_06_1G2.1464.1464.2.chro	C:\Xcalibur\sequest\LT_29to3_4_06_1to1\chro\	20.13
S	U	K.APGIIPR.T	1	LT_30_03_06_1G2.1356.1356.2.chro	C:\Xcalibur\sequest\LT_29to3_4_06_1to1\chro\	34.89
S	U	R.TSVHEPVQTGLK.A	0.82	LT_30_03_06_1G2.1312.1312.2.chro	C:\Xcalibur\sequest\LT_29to3_4_06_1to1\chro\	26.53
S	U	K.ALDALVPVGR.G	1.01	LT_30_03_06_1G2.1570.1570.2.chro	C:\Xcalibur\sequest\LT_29to3_4_06_1to1\chro\	28.03
S	U	K.TAVAIDTFINQK.A	0.95	LT_30_03_06_1G2.1632.1632.2.chro	C:\Xcalibur\sequest\LT_29to3_4_06_1to1\chro\	22
S	U	R.SDHPQVLAAIR.D	1.04	LT_30_03_06_1G2.1446.1446.2.chro	C:\Xcalibur\sequest\LT_29to3_4_06_1to1\chro\	11.73
P	2288_ATP_synthase_F1,	no description	1.04	0.36	11	
S	U	K.APEFVDQSTEASILVTGIK.V	0.54	LT_30_03_06_1G.1820.1820.2.chro	C:\Xcalibur\sequest\LT_29to3_4_06_1to1\chro\	22.94
S	U	K.TVLIQELINNIAK.G	0.75	LT_30_03_06_1G.2080.2080.2.chro	C:\Xcalibur\sequest\LT_29to3_4_06_1to1\chro\	53.31
S	U	R.TREGNDLYHEFLDAGVIAK.D	0.81	LT_30_03_06_1G.1758.1758.3.chro	C:\Xcalibur\sequest\LT_29to3_4_06_1to1\chro\	9.12
S	U	K.DADGNPTPDGSK.V	0.82	LT_30_03_06_1G.994.994.2.chro	C:\Xcalibur\sequest\LT_29to3_4_06_1to1\chro\	26.68
S	U	K.AAAPVGAATGR.I	0.97	LT_30_03_06_1G2.1164.1164.2.chro	C:\Xcalibur\sequest\LT_29to3_4_06_1to1\chro\	44.86
S	U	R.DTGAQISVPVGPQTLGR.I	0.87	LT_30_03_06_1G2.1616.1616.2.chro	C:\Xcalibur\sequest\LT_29to3_4_06_1to1\chro\	9.76
S	U	K.GHGGVSVFAGVGER.T	1.01	LT_30_03_06_1G2.1476.1476.2.chro	C:\Xcalibur\sequest\LT_29to3_4_06_1to1\chro\	9.48
S	U	R.DQEGQDVLFFVDNIFR.F	1.32	LT_30_03_06_1G2.2316.2316.2.chro	C:\Xcalibur\sequest\LT_29to3_4_06_1to1\chro\	10.49
S	U	R.FTQAGSEVSALLGR.I	1.02	LT_30_03_06_1G2.1690.1690.2.chro	C:\Xcalibur\sequest\LT_29to3_4_06_1to1\chro\	39.9
S	U	K.SLQDIIAILGMDELSEEDKLVVAR.A	1.71	LT_30_03_06_1G2.2306.2306.2.chro	C:\Xcalibur\sequest\LT_29to3_4_06_1to1\chro\	7.72
S	U	R.FLSQPFHVAEVFTGIPGK.F	1.6	LT_30_03_06_1G2.1874.1874.3.chro	C:\Xcalibur\sequest\LT_29to3_4_06_1to1\chro\	19.5
P	2387_peptidase_M16-li	no description	1.24	0.03	2	
S	U	R.TQVTNEKDR.V	1.22	LT_30_03_06_1H.945.945.2.chro	C:\Xcalibur\sequest\LT_29to3_4_06_1to1\chro\	31.99
S	U	R.AANDIFGGDFLSR.F	1.26	LT_30_03_06_1H2.1815.1815.2.chro	C:\Xcalibur\sequest\LT_29to3_4_06_1to1\chro\	17.14
P	2719_ribosomal_protei	no description	1.25	0.41	2	
S	U	K.VVEGERTR.V	1.54	LT_3_04_06_P.1145.1145.2.chro	C:\Xcalibur\sequest\LT_29to3_4_06_1to1\chro\	14.38
S	U	R.VFPLYSPNIDSITVVR.K	0.96	LT_3_04_06_P.2025.2025.2.chro	C:\Xcalibur\sequest\LT_29to3_4_06_1to1\chro\	22.8
P	2744_putative_outer_m	no description	1.21	0.5	12	
S	U	R.TIEVAGNNGR.L	0.89	LT_30_03_06_1C.1238.1238.2.chro	C:\Xcalibur\sequest\LT_29to3_4_06_1to1\chro\	32.01
S	U	R.GPVPFDAIEQFSVK.V	1.18	LT_30_03_06_1C.1886.1886.2.chro	C:\Xcalibur\sequest\LT_29to3_4_06_1to1\chro\	20.19
S	U	R.DLQLTNSERGR.A	0.96	LT_30_03_06_1C.1340.1340.2.chro	C:\Xcalibur\sequest\LT_29to3_4_06_1to1\chro\	28.09
S	U	R.VTFDSAASEAAFNTLISELGLEK.Y	1.27	LT_30_03_06_1C.2296.2296.2.chro	C:\Xcalibur\sequest\LT_29to3_4_06_1to1\chro\	18.31
S	U	R.QVSFPYNAAIVR.V	1.08	LT_30_03_06_1C.1698.1698.2.chro	C:\Xcalibur\sequest\LT_29to3_4_06_1to1\chro\	18.05
S	U	R.APNQVLTSR.V	0.96	LT_30_03_06_1C.1302.1302.2.chro	C:\Xcalibur\sequest\LT_29to3_4_06_1to1\chro\	30.77
S	U	R.LNRFSVDGVQFSDDFGLNNGGLPTSR.G	2.48	LT_30_03_06_1C2.1853.1853.3.chro	C:\Xcalibur\sequest\LT_29to3_4_06_1to1\chro\	9.59
S	U	R.SLGDFYFDSLADFAAGNANR.L	0.7	LT_30_03_06_1C2.2077.2077.2.chro	C:\Xcalibur\sequest\LT_29to3_4_06_1to1\chro\	12.65
S	U	R.YDLFGNDAKPPLNPNFLAR.Y	1.87	LT_30_03_06_1C2.1837.1837.3.chro	C:\Xcalibur\sequest\LT_29to3_4_06_1to1\chro\	12.25
S	U	R.GGVGIFSGGTPDVFLSNSFSNTGLLTNLVDINR.S	0.95	LT_30_03_06_1C2.2293.2293.3.chro	C:\Xcalibur\sequest\LT_29to3_4_06_1to1\chro\	12.85
S	U	R.NTGSLALAPTDNIDPKLK.I	1.33	LT_30_03_06_1C2.1587.1587.3.chro	C:\Xcalibur\sequest\LT_29to3_4_06_1to1\chro\	25.45
S	U	K.LFADVENVLNLIDSDWGSLR.Q	0.85	LT_30_03_06_1C2.2459.2459.2.chro	C:\Xcalibur\sequest\LT_29to3_4_06_1to1\chro\	20.9
P	2799_ribosomal_protei	no description	1.28	0.07	2	
S	U	R.LLAKGELTAK.V	1.32	LT_3_04_06_P.1453.1453.2.chro	C:\Xcalibur\sequest\LT_29to3_4_06_1to1\chro\	12.35
S	U	K.VTFAVAGASK.G	1.23	LT_3_04_06_P.1525.1525.2.chro	C:\Xcalibur\sequest\LT_29to3_4_06_1to1\chro\	10.17
P	2801_ribosomal_protei	no description	0.83	0.4	4	
S	U	R.AVFESLGVADVVTK.S	0.36	LT_3_04_06_M.1766.1766.2.chro	C:\Xcalibur\sequest\LT_29to3_4_06_1to1\chro\	8.15
S	U	R.ATFEALGEQTSPK.S	1.31	LT_3_04_06_M.1518.1518.2.chro	C:\Xcalibur\sequest\LT_29to3_4_06_1to1\chro\	14.32
S	U	R.GHFGAGNVTLR.S	0.73	LT_3_04_06_M2.1438.1438.2.chro	C:\Xcalibur\sequest\LT_29to3_4_06_1to1\chro\	20.13
S	U	R.AAEAEAAAVTE.-	0.93	LT_3_04_06_M2.1314.1314.1.chro	C:\Xcalibur\sequest\LT_29to3_4_06_1to1\chro\	15.31
P	2803_ribosomal_protei	no description	1.01	0.25	4	
S	U	R.TLVQNLVTGVTEGFTK.V	0.98	LT_3_04_06_O2.2115.2115.2.chro	C:\Xcalibur\sequest\LT_29to3_4_06_1to1\chro\	23.86
S	U	R.TLVQNLVTGVTEGFTKVLEITGVGYR.A	0.87	LT_3_04_06_P.2773.2773.3.chro	C:\Xcalibur\sequest\LT_29to3_4_06_1to1\chro\	41.07
S	U	K.VLEITGVGYR.A	1.37	LT_3_04_06_P.1701.1701.2.chro	C:\Xcalibur\sequest\LT_29to3_4_06_1to1\chro\	24.75
S	U	K.AVEIPSGVTAAIDGGQLSVK.G	0.82	LT_3_04_06_P2.1953.1953.2.chro	C:\Xcalibur\sequest\LT_29to3_4_06_1to1\chro\	13.42
P	2804_ribosomal_protei	no description	0.97	0.08	3	
S	U	K.KDSVLTPASTLR.V	1	LT_3_04_06_P.1545.1545.2.chro	C:\Xcalibur\sequest\LT_29to3_4_06_1to1\chro\	9.65
S	U	R.NGLGITIVSTPR.G	0.88	LT_3_04_06_P2.1819.1819.2.chro	C:\Xcalibur\sequest\LT_29to3_4_06_1to1\chro\	7.18
S	U	R.GVLSDAEAREQNVGGEVLAEVF.-	1.03	LT_3_04_06_P2.2189.2189.2.chro	C:\Xcalibur\sequest\LT_29to3_4_06_1to1\chro\	30.01
P	2815_ribosomal_protei	no description	0.99	0.15	5	
S	U	K.SYNPTSPGQR.G	0.79	LT_3_04_06_L.1263.1263.2.chro	C:\Xcalibur\sequest\LT_29to3_4_06_1to1\chro\	26.55
S	U	R.NNKGHVTSR.G	1.19	LT_3_04_06_L.853.853.2.chro	C:\Xcalibur\sequest\LT_29to3_4_06_1to1\chro\	45.28
S	U	R.LGSGEQR.Y	0.99	LT_3_04_06_L.891.891.2.chro	C:\Xcalibur\sequest\LT_29to3_4_06_1to1\chro\	20.08
S	U	R.GVAKNPVDHPHGGGEGR.T	1.08	LT_3_04_06_L.1227.1227.3.chro	C:\Xcalibur\sequest\LT_29to3_4_06_1to1\chro\	11.14
S	U	R.SAGTYAQVVGR.D	0.92	LT_3_04_06_L2.1362.1362.2.chro	C:\Xcalibur\sequest\LT_29to3_4_06_1to1\chro\	14.88
P	2820_translation_elon	no description	1.2	0.37	4	
S	U	K.LLDQGQAGDNIGALIR.G	1.71	LT_29_03_06_1A2.1682.1682.2.chro	C:\Xcalibur\sequest\LT_29to3_4_06_1to1\chro\	6.56
S	U	K.VGEEVEIVGIKDTK.K	1.23	LT_3_04_06_I.1584.1584.2.chro	C:\Xcalibur\sequest\LT_29to3_4_06_1to1\chro\	8.31
S	U	R.GVGREEVER.G	1	LT_3_04_06_I.1282.1282.2.chro	C:\Xcalibur\sequest\LT_29to3_4_06_1to1\chro\	24.24
S	U	R.TVGAGVVATVTK.-	0.88	LT_3_04_06_I.1526.1526.2.chro	C:\Xcalibur\sequest\LT_29to3_4_06_1to1\chro\	12.84
P	2821_translation_elon	no description	1.09	0.55	16	
S	U	K.ADEGKGPEHR.L	0.83	LT_30_03_06_1E.840.840.2.chro	C:\Xcalibur\sequest\LT_29to3_4_06_1to1\chro\	157.5
S	U	R.VLDGAVAAFDGVAGVEPQSETVWR.Q	0.95	LT_30_03_06_1E.1958.1958.2.chro	C:\Xcalibur\sequest\LT_29to3_4_06_1to1\chro\	30.96
S	U	R.LGATPAVLYLPIGAESDFKGLVDLVNER.A	0.78	LT_30_03_06_1E.2334.2334.3.chro	C:\Xcalibur\sequest\LT_29to3_4_06_1to1\chro\	41.97
S	U	R.ATSDSAPLSMLAFK.I	3.03	LT_30_03_06_1E.1818.1818.2.chro	C:\Xcalibur\sequest\LT_29to3_4_06_1to1\chro\	10.07
S	U	R.IYSGTLTK.G	0.85	LT_30_03_06_1E.1330.1330.2.chro	C:\Xcalibur\sequest\LT_29to3_4_06_1to1\chro\	26.99
S	U	K.VSVAPGER.G	1	LT_30_03_06_1E.1218.1218.2.chro	C:\Xcalibur\sequest\LT_29to3_4_06_1to1\chro\	8.1
S	U	R.SHPLER.Y	0.97	LT_30_03_06_1E2.1025.1025.1.chro	C:\Xcalibur\sequest\LT_29to3_4_06_1to1\chro\	15.81
S	U	R.LGATPAVLYLPIGAESDFK.G	1.51	LT_30_03_06_1E2.1999.1999.2.chro	C:\Xcalibur\sequest\LT_29to3_4_06_1to1\chro\	20.63
S	U	K.AAEYREK.L	0.78	LT_30_03_06_1E2.917.917.2.chro	C:\Xcalibur\sequest\LT_29to3_4_06_1to1\chro\	8.08
S	U	K.GSYLNSVK.D	1.12	LT_30_03_06_1E2.1375.1375.2.chro	C:\Xcalibur\sequest\LT_29to3_4_06_1to1\chro\	24.49
S	U	R.LAAEDPSFR.V	0.91	LT_30_03_06_1E2.1421.1421.2.chro	C:\Xcalibur\sequest\LT_29to3_4_06_1to1\chro\	46.21
S	U	R.VSTDHESGQTIIK.G	0.93	LT_30_03_06_1E2.1309.1309.2.chro	C:\Xcalibur\sequest\LT_29to3_4_06_1to1\chro\	43.36
S	U	K.QSGGSGQFGR.V	0.94	LT_30_03_06_1E2.1135.1135.2.chro	C:\Xcalibur\sequest\LT_29to3_4_06_1to1\chro\	26.11
S	U	R.VKVSVAPGER.G	1.09	LT_30_03_06_1E2.1291.1291.2.chro	C:\Xcalibur\sequest\LT_29to3_4_06_1to1\chro\	17.7
S	U	R.GSGITFIDEIKGGNIPR.E	0.92	LT_30_03_06_1E2.1807.1807.3.chro	C:\Xcalibur\sequest\LT_29to3_4_06_1to1\chro\	23.53
S	U	R.RGQIQGTDSR.G	0.88	LT_30_03_06_1E2.1059.1059.2.chro	C:\Xcalibur\sequest\LT_29to3_4_06_1to1\chro\	23.44
P	2822_ribosomal_protei	no description	0.86	0.23	5	
S	U	R.FGDVVLSK.F	0.9	LT_3_04_06_P.1577.1577.1.chro	C:\Xcalibur\sequest\LT_29to3_4_06_1to1\chro\	10.17
S	U	R.AQALAIR.W	1.18	LT_3_04_06_P.1419.1419.2.chro	C:\Xcalibur\sequest\LT_29to3_4_06_1to1\chro\	21.63
S	U	R.EILPDPR.F	0.6	LT_3_04_06_P2.1573.1573.2.chro	C:\Xcalibur\sequest\LT_29to3_4_06_1to1\chro\	15.39
S	U	K.SVAESIVYGALEAVEAR.A	0.92	LT_3_04_06_P2.2337.2337.2.chro	C:\Xcalibur\sequest\LT_29to3_4_06_1to1\chro\	18.09
S	U	R.VGGATYQVPVEVRPDR.A	0.68	LT_3_04_06_P2.1669.1669.2.chro	C:\Xcalibur\sequest\LT_29to3_4_06_1to1\chro\	10.27
P	2938_flagellin-like	no description	1.17	0.14	6	
S	U	K.DDAAGLAIATR.M	1.23	LT_3_04_06_M.1496.1496.2.chro	C:\Xcalibur\sequest\LT_29to3_4_06_1to1\chro\	17.94
S	U	R.ANLGAQQNR.L	0.94	LT_3_04_06_M.1118.1118.2.chro	C:\Xcalibur\sequest\LT_29to3_4_06_1to1\chro\	20.57
S	U	R.INAAKDDAAGLAIATR.M	1.16	LT_3_04_06_M2.1490.1490.2.chro	C:\Xcalibur\sequest\LT_29to3_4_06_1to1\chro\	10.01
S	U	R.GLTQAIR.N	1.37	LT_3_04_06_M2.1334.1334.2.chro	C:\Xcalibur\sequest\LT_29to3_4_06_1to1\chro\	23.38
S	U	R.NANDGISLAQTADSAAGSISDILVR.M	1.11	LT_3_04_06_N.2057.2057.2.chro	C:\Xcalibur\sequest\LT_29to3_4_06_1to1\chro\	24.91
S	U	R.LTSAVDNLTSTVTNLAESK.S	1.19	LT_3_04_06_N.1917.1917.2.chro	C:\Xcalibur\sequest\LT_29to3_4_06_1to1\chro\	26.57
P	3029_TonB-dependent_r	no description	1.01	0.21	3	
S	U	R.GQLLFEPTDALSIR.L	0.78	LT_30_03_06_1D.1912.1912.2.chro	C:\Xcalibur\sequest\LT_29to3_4_06_1to1\chro\	9.71
S	U	R.VLADLGQPLSAFNQGYSR.D	1.07	LT_30_03_06_1D2.1865.1865.2.chro	C:\Xcalibur\sequest\LT_29to3_4_06_1to1\chro\	18.93
S	U	R.TYGVTLR.G	1.19	LT_30_03_06_1D2.1435.1435.2.chro	C:\Xcalibur\sequest\LT_29to3_4_06_1to1\chro\	31.44
P	3081_Phosphoenolpyruv	no description	0.98	0.22	10	
S	U	R.AYGGDKLFR.Q	1.44	LT_30_03_06_1D.1426.1426.2.chro	C:\Xcalibur\sequest\LT_29to3_4_06_1to1\chro\	14.22
S	U	R.DLVTIASGLSASGK.G	1.1	LT_30_03_06_1D.1750.1750.2.chro	C:\Xcalibur\sequest\LT_29to3_4_06_1to1\chro\	14.74
S	U	R.QNSAVHER.V	0.75	LT_30_03_06_1D.818.818.2.chro	C:\Xcalibur\sequest\LT_29to3_4_06_1to1\chro\	19.97
S	U	R.AQPAGTVQGR.I	0.98	LT_30_03_06_1D.1088.1088.2.chro	C:\Xcalibur\sequest\LT_29to3_4_06_1to1\chro\	21.73
S	U	R.TKSTAIEDLR.A	0.89	LT_30_03_06_1D.1350.1350.2.chro	C:\Xcalibur\sequest\LT_29to3_4_06_1to1\chro\	12.7
S	U	R.AIPWVFSWAQAR.T	0.82	LT_30_03_06_1D.2076.2076.2.chro	C:\Xcalibur\sequest\LT_29to3_4_06_1to1\chro\	8.43
S	U	R.AHDGLLEITGQTR.L	1.04	LT_30_03_06_1D.1550.1550.2.chro	C:\Xcalibur\sequest\LT_29to3_4_06_1to1\chro\	17.26
S	U	R.YAGLASQIDGHDAIFGR.I	0.71	LT_30_03_06_1D2.1739.1739.3.chro	C:\Xcalibur\sequest\LT_29to3_4_06_1to1\chro\	10.84
S	U	R.IAEGIQLTINAIATALR.N	0.94	LT_30_03_06_1D2.2349.2349.2.chro	C:\Xcalibur\sequest\LT_29to3_4_06_1to1\chro\	5.83
S	U	R.VLAELFNISGVEADYLTLDEAAR.V	1.16	LT_30_03_06_1E.2258.2258.2.chro	C:\Xcalibur\sequest\LT_29to3_4_06_1to1\chro\	9.5
P	3108_TonB-dependent_r	no description	1	0.21	21	
S	U	R.VAPSDVNGRVDLNNIPLALIER.V	0.89	LT_30_03_06_1C.1898.1898.3.chro	C:\Xcalibur\sequest\LT_29to3_4_06_1to1\chro\	36.08
S	U	R.ISDYQTTFFDYR.V	0.89	LT_30_03_06_1C.1744.1744.2.chro	C:\Xcalibur\sequest\LT_29to3_4_06_1to1\chro\	47.65
S	U	R.ISDYQTTFFDYRVGAR.G	0.84	LT_30_03_06_1C.1734.1734.3.chro	C:\Xcalibur\sequest\LT_29to3_4_06_1to1\chro\	83.76
S	U	R.TSLAQVR.A	0.96	LT_30_03_06_1C.1274.1274.2.chro	C:\Xcalibur\sequest\LT_29to3_4_06_1to1\chro\	89.03
S	U	R.AIVSGDLGFASPGAVQPIGFALGGEYR.K	0.85	LT_30_03_06_1C.2018.2018.2.chro	C:\Xcalibur\sequest\LT_29to3_4_06_1to1\chro\	15.74
S	U	R.KYTAQQASDLLAK.T	0.85	LT_30_03_06_1C.1466.1466.2.chro	C:\Xcalibur\sequest\LT_29to3_4_06_1to1\chro\	60.97
S	U	R.RNPITGGLDGDPSTTPGLFGLTNNQGR.L	1.1	LT_30_03_06_1C.1792.1792.3.chro	C:\Xcalibur\sequest\LT_29to3_4_06_1to1\chro\	49.11
S	U	R.NPITGGLDGDPSTTPGLFGLTNNQGR.L	1.02	LT_30_03_06_1C.1842.1842.2.chro	C:\Xcalibur\sequest\LT_29to3_4_06_1to1\chro\	26.72
S	U	R.FTLGFDKVDLSLLWR.W	1.24	LT_30_03_06_1C.2130.2130.3.chro	C:\Xcalibur\sequest\LT_29to3_4_06_1to1\chro\	26.04
S	U	R.ELPGVVANIGSAVNNGNSGASYVDLRGLGSIR.N	0.92	LT_30_03_06_1C2.1883.1883.3.chro	C:\Xcalibur\sequest\LT_29to3_4_06_1to1\chro\	17.26
S	U	R.NIVLLNGNR.V	1.54	LT_30_03_06_1C2.1481.1481.2.chro	C:\Xcalibur\sequest\LT_29to3_4_06_1to1\chro\	19.76
S	U	R.VAPSDVNGR.V	1.18	LT_30_03_06_1C2.1095.1095.2.chro	C:\Xcalibur\sequest\LT_29to3_4_06_1to1\chro\	86.67
S	U	R.VDLNNIPLALIER.V	1.24	LT_30_03_06_1C2.1915.1915.2.chro	C:\Xcalibur\sequest\LT_29to3_4_06_1to1\chro\	21.77
S	U	R.VDALTGAAVTTYGADAITGVVNFVTKR.D	1.02	LT_30_03_06_1C2.2239.2239.3.chro	C:\Xcalibur\sequest\LT_29to3_4_06_1to1\chro\	48.89
S	U	R.FSGTRPLDPVTGQPSTDPTVANGGLR.Q	0.77	LT_30_03_06_1C2.1559.1559.3.chro	C:\Xcalibur\sequest\LT_29to3_4_06_1to1\chro\	78.71
S	U	R.TPEVGPR.I	0.85	LT_30_03_06_1C2.1121.1121.2.chro	C:\Xcalibur\sequest\LT_29to3_4_06_1to1\chro\	49.4
S	U	R.AIVSGDLGFASPGAVQPIGFALGGEYRK.Y	1.02	LT_30_03_06_1C2.1899.1899.3.chro	C:\Xcalibur\sequest\LT_29to3_4_06_1to1\chro\	48.55
S	U	K.YTAQQASDLLAK.T	0.87	LT_30_03_06_1C2.1499.1499.2.chro	C:\Xcalibur\sequest\LT_29to3_4_06_1to1\chro\	52.58
S	U	K.AGGSWEPGAGVK.F	0.82	LT_30_03_06_1C2.1365.1365.2.chro	C:\Xcalibur\sequest\LT_29to3_4_06_1to1\chro\	39.79
S	U	K.FRGNYSR.A	1.36	LT_30_03_06_1C2.1105.1105.2.chro	C:\Xcalibur\sequest\LT_29to3_4_06_1to1\chro\	41.43
S	U	K.AQHYFDLTAR.F	0.79	LT_30_03_06_1C2.1485.1485.3.chro	C:\Xcalibur\sequest\LT_29to3_4_06_1to1\chro\	50.35
P	3168_TonB-dependent_r	no description	0.92	0.17	4	
S	U	K.TNGSFAQER.S	1.12	LT_30_03_06_1D.1198.1198.2.chro	C:\Xcalibur\sequest\LT_29to3_4_06_1to1\chro\	6.15
S	U	R.TYPTSDITQDNAALVEKNYNDVDTYGAR.L	0.78	LT_30_03_06_1D2.1721.1721.3.chro	C:\Xcalibur\sequest\LT_29to3_4_06_1to1\chro\	24.47
S	U	R.VASPADAR.I	0.77	LT_30_03_06_1D2.1103.1103.2.chro	C:\Xcalibur\sequest\LT_29to3_4_06_1to1\chro\	18.89
S	U	K.GTSLPVTPK.F	0.99	LT_30_03_06_1D2.1369.1369.2.chro	C:\Xcalibur\sequest\LT_29to3_4_06_1to1\chro\	19.84
P	3172_ribonuclease,_Rn	no description	1.14	0.21	5	
S	U	R.RSDEEDGESR.M	1.33	LT_30_03_06_1B.762.762.2.chro	C:\Xcalibur\sequest\LT_29to3_4_06_1to1\chro\	47.28
S	U	R.HREETR.V	0.8	LT_30_03_06_1B2.679.679.2.chro	C:\Xcalibur\sequest\LT_29to3_4_06_1to1\chro\	46.94
S	U	R.EHNIEQTALSTNLEAAAEIAR.Q	1.25	LT_30_03_06_1B2.1803.1803.3.chro	C:\Xcalibur\sequest\LT_29to3_4_06_1to1\chro\	7.59
S	U	R.TASSAGLSALR.L	1.05	LT_30_03_06_1B2.1425.1425.2.chro	C:\Xcalibur\sequest\LT_29to3_4_06_1to1\chro\	26.05
S	U	R.ARDESDTDGEGR.K	1.26	LT_30_03_06_1B2.833.833.2.chro	C:\Xcalibur\sequest\LT_29to3_4_06_1to1\chro\	19.49
